,0
0,0.013894840468809067
1,0.013371316778562792
2,0.012816944516914786
3,0.012234807255754598
4,0.01162798856697217
5,0.010999572022457438
6,0.01035264119410051
7,0.00969027965379099
8,0.00901557097341904
9,0.008331598724874378
10,0.007641446480047165
11,0.0069481978108271725
12,0.006254936289104229
13,0.005564745486768385
14,0.0048807089757095246
15,0.004205910327817641
16,0.0035434331149824527
17,0.0028963609090940645
18,0.0022677772820423048
19,0.0016607658057171126
20,0.0010784100520083717
21,0.0005237935928060211
22,5.551115123125783e-17
23,0.0
24,0.002530510777301709
25,0.005210659190553801
26,0.008025520290070587
27,0.010960169126151886
28,0.013999680749109178
29,0.017129130209248167
30,0.02033359255687872
31,0.023598142842306546
32,0.026907856115841566
33,0.030247807427789486
34,0.033603071828460285
35,0.03695872436815961
36,0.040299840097194506
37,0.043611494065876444
38,0.046878761324512463
39,0.05008671692340683
40,0.05322043591286807
41,0.056264993343206116
42,0.05920546426472806
43,0.06202692372774249
44,0.06471444678255506
45,0.06725310847947708
46,0.06725310847947708
47,0.06757742930939631
48,0.06792419705591979
49,0.06829137398822815
50,0.06867692237551215
51,0.06907880448695247
52,0.06949498259173842
53,0.06992341895904924
54,0.07036207585808141
55,0.07080891555800989
56,0.07126190032801966
57,0.07171899243730284
58,0.07217815415504159
59,0.07263734775042097
60,0.0730945354926244
61,0.07354767965083842
62,0.07399474249425225
63,0.07443368629204378
64,0.07486247331340656
65,0.07527906582751703
66,0.0756814261035687
67,0.07606751641073944
68,0.07643529901821855
69,0.07643529901821855
70,0.076481606780682
71,0.07653062617710549
72,0.07658208510448083
73,0.07663571145979992
74,0.07669123314005455
75,0.07674837804223661
76,0.07680687406333792
77,0.07686644910035023
78,0.07692683105026554
79,0.0769877478100755
80,0.07704892727677215
81,0.0771100973473472
82,0.0771709859187924
83,0.07723132088809981
84,0.07729083015226107
85,0.07734924160826812
86,0.07740628315311276
87,0.07746168268378684
88,0.07751516809728215
89,0.07756646729059058
90,0.07761530816070389
91,0.07766141860461406
92,0.07766141860461473
93,0.08208354669450918
94,0.08676709364017582
95,0.09168598065761346
96,0.09681412896282526
97,0.10212545977181281
98,0.10759389430057503
99,0.11319335376511652
100,0.1188977593814346
101,0.12468103236553385
102,0.1305170939334131
103,0.13637986530107404
104,0.142243267684517
105,0.14808122229974507
106,0.15386765036275568
107,0.15957647308955336
108,0.16518161169613838
109,0.17065698739851243
110,0.1759765214126729
111,0.18111413495462442
112,0.1860437492403686
113,0.19073928548590435
114,0.19517466490723473
115,0.19517466490723473
116,0.1952493756164374
117,0.1953284934019326
118,0.195411578033433
119,0.19549818928065155
120,0.19558788691330076
121,0.19568023070109364
122,0.1957747804137428
123,0.19587109582096113
124,0.1959687366924613
125,0.19606726279795605
126,0.19616623390715832
127,0.19626520978978074
128,0.19636375021553604
129,0.1964614149541371
130,0.1965577637752966
131,0.19665235644872747
132,0.19674475274414227
133,0.19683451243125372
134,0.1969211952797748
135,0.19700436105941832
136,0.19708356953989686
137,0.19715838049092316
138,0.19715838049092316
139,0.1972160387480691
140,0.19727708836968183
141,0.19734118998136113
142,0.19740800420870647
143,0.19747719167731742
144,0.1975484130127937
145,0.1976213288407347
146,0.19769559978674023
147,0.1977708864764096
148,0.1978468495353427
149,0.19792314958913892
150,0.19799944726339802
151,0.1980754031837193
152,0.19815067797570268
153,0.19822493226494758
154,0.1982978266770536
155,0.19836902183762029
156,0.1984381783722473
157,0.19850495690653414
158,0.19856901806608052
159,0.19863002247648598
160,0.19868763076335005
161,0.19868763076335005
162,0.19876208994198385
163,0.19884093703242472
164,0.19892373345184278
165,0.199010040617408
166,0.19909941994629038
167,0.19919143285566004
168,0.19928564076268684
169,0.1993816050845409
170,0.19947888723839224
171,0.1995770486414108
172,0.19967565071076665
173,0.19977425486362976
174,0.1998724225171702
175,0.19996971508855804
176,0.20006569399496316
177,0.2001599206535557
178,0.20025195648150557
179,0.20034136289598287
180,0.2004277013141576
181,0.20051053315319978
182,0.20058941983027934
183,0.20066392276256634
184,0.20066392276256634
185,0.20069285683442584
186,0.20072348770285986
187,0.20075564525623407
188,0.20078915938291414
189,0.2008238599712659
190,0.200859576909655
191,0.2008961400864473
192,0.20093337939000827
193,0.20097112470870376
194,0.2010092059308996
195,0.20104745294496146
196,0.201085695639255
197,0.20112376390214592
198,0.20116148762199998
199,0.201198696687183
200,0.20123522098606061
201,0.20127089040699853
202,0.20130553483836255
203,0.2013389841685183
204,0.20137106828583157
205,0.2014016170786681
206,0.20143046043539353
207,0.2014304604353938
208,0.20234423701346627
209,0.20331164831888648
210,0.20432732017963584
211,0.20538587842370842
212,0.20648194887909554
213,0.20761015737377714
214,0.20876512973575018
215,0.20994149179299743
216,0.21113386937350875
217,0.21233688830527692
218,0.21354517441628468
219,0.21475335353452613
220,0.2159560514879869
221,0.21714789410465835
222,0.2183235072125217
223,0.21947751663957543
224,0.22060454821380093
225,0.22169922776319223
226,0.2227561811157322
227,0.22377003409941493
228,0.22473541254222318
229,0.22564694227215393
230,0.22564694227215393
231,0.2251929230960713
232,0.22471244572710214
233,0.22420817308868357
234,0.22368276810425824
235,0.22313889369727602
236,0.2225792127911725
237,0.22200638830939184
238,0.2214230831753854
239,0.22083196031258723
240,0.22023568264444865
241,0.21963691309440386
242,0.21903831458590417
243,0.21844255004238938
244,0.21785228238730087
245,0.21727017454408415
246,0.21669888943618626
247,0.2161410899870428
248,0.21559943912010643
249,0.21507659975880855
250,0.21457523482660185
251,0.21409800724693046
252,0.21364757994322997
253,0.21364757994322997
254,0.2137526580179992
255,0.21386394274614368
256,0.21398081464350366
257,0.21410265422591934
258,0.21422884200923104
259,0.21435875850927893
260,0.21449178424190324
261,0.21462729972294414
262,0.2147646854682419
263,0.21490332199363676
264,0.215042589814969
265,0.21518186944807866
266,0.2153205414088062
267,0.21545798621299161
268,0.2155935843764754
269,0.2157267164150975
270,0.2158567628446984
271,0.2159831041811181
272,0.2161051209401969
273,0.21622219363777512
274,0.21633370278969294
275,0.21643902891179057
276,0.21643902891179057
277,0.2176566387380648
278,0.21894596835554175
279,0.22029984706120098
280,0.22171110415202244
281,0.2231725689249856
282,0.22467707067707027
283,0.22621743870525612
284,0.22778650230652286
285,0.22937709077785012
286,0.23098203341621765
287,0.23259415951860513
288,0.2342062983819922
289,0.2358112793033586
290,0.2374019315796841
291,0.23897108450794818
292,0.24051156738513074
293,0.2420162095082114
294,0.2434778401741698
295,0.24488928867998577
296,0.24624338432263887
297,0.24753295639910883
298,0.24875083420637517
299,0.24875083420637517
300,0.24924521001426653
301,0.24976864639816881
302,0.25031823416021365
303,0.25089106410253187
304,0.25148422702725487
305,0.2520948137365138
306,0.2527199150324398
307,0.25335662171716417
308,0.2540020245928181
309,0.2546532144615327
310,0.25530728212543946
311,0.25596131838666897
312,0.2566124140473532
313,0.25725765990962274
314,0.2578941467756091
315,0.2585189654474433
316,0.25912920672725676
317,0.25972196141718057
318,0.2602943203193458
319,0.26084337423588383
320,0.26136621396892573
321,0.2618599303206028
322,0.26185993032060234
323,0.26351474463324503
324,0.2652669928748827
325,0.2671069310307174
326,0.26902481508595394
327,0.2710109010258
328,0.2730554448354618
329,0.2751487025001473
330,0.27728093000505954
331,0.2794423833354052
332,0.28162331847639316
333,0.28381399141322966
334,0.2860046581311169
335,0.2881855746152668
336,0.29034699685087845
337,0.2924791808231652
338,0.2945723825173278
339,0.2966168579185781
340,0.2986028630121182
341,0.30052065378315423
342,0.302360486216897
343,0.30411261629854397
344,0.3057673000133129
345,0.3057673000133129
346,0.3055633627659777
347,0.3053488911956604
348,0.3051250298523966
349,0.30489292328622025
350,0.3046537160471668
351,0.30440855268526607
352,0.3041585777505534
353,0.3039049357930687
354,0.30364877136284
355,0.3033912290099045
356,0.3031334532842946
357,0.3028765887360458
358,0.30262177991519207
359,0.3023701713717661
360,0.3021229076558047
361,0.3018811333173405
362,0.3016459929064061
363,0.30141863097304117
364,0.3012001920672727
365,0.3009918207391417
366,0.3007946615386767
367,0.30060985901591447
368,0.30060985901591447
369,0.30064137879274994
370,0.30067475583983266
371,0.3007098045057351
372,0.30074633913902976
373,0.3007841740882892
374,0.3008231237020858
375,0.30086300232899216
376,0.3009036243175806
377,0.3009448040164238
378,0.3009863557740941
379,0.30102809393916424
380,0.30106983286020633
381,0.30111138688579325
382,0.3011525703644971
383,0.30119319764489066
384,0.30123308307554625
385,0.30127204100503663
386,0.3013098857819339
387,0.30134643175481085
388,0.3013814932722399
389,0.30141488468279337
390,0.30144642033504404
391,0.30144642033504404
392,0.30162092477995656
393,0.30180570771430676
394,0.30199974146023273
395,0.30220199833987277
396,0.3024114506753652
397,0.30262707078884793
398,0.3028478310024592
399,0.3030727036383373
400,0.30330066101862047
401,0.3035306754654467
402,0.30376171930095436
403,0.3039927648472815
404,0.3042227844265664
405,0.3044507503609472
406,0.3046756349725623
407,0.3048964105835496
408,0.30511204951604726
409,0.30532152409219365
410,0.30552380663412687
411,0.3057178694639852
412,0.30590268490390676
413,0.3060772252760298
414,0.3060772252760296
415,0.3061328786868603
416,0.30619104106467526
417,0.30625141404349093
418,0.3063136992573276
419,0.30637759834020434
420,0.306442812926143
421,0.3065090446491599
422,0.30657599514327255
423,0.30664336604250136
424,0.30671085898086975
425,0.3067781755923881
426,0.306845017511084
427,0.30691108637097225
428,0.3069760838060733
429,0.3070397114504076
430,0.30710167093798985
431,0.307161663902842
432,0.3072193919789859
433,0.3072745568004334
434,0.30732686000120796
435,0.3073760032153314
436,0.30742168807681686
437,0.30742168807681686
438,0.30785941049937854
439,0.308323190973157
440,0.3088104411620182
441,0.3093185727298276
442,0.30984499734045673
443,0.3103871266577755
444,0.31094237234564975
445,0.3115081460679508
446,0.31208185948854444
447,0.31266092427130204
448,0.3132427520800923
449,0.31382475457878073
450,0.31440434343124163
451,0.31497893030133944
452,0.3155459268529455
453,0.31610274474992556
454,0.316646795656151
455,0.3171754912354903
456,0.31768624315180943
457,0.31817646306897956
458,0.3186435626508694
459,0.3190849535613474
460,0.3190849535613474
461,0.31853990834217744
462,0.3179624010070122
463,0.3173556550864595
464,0.31672289411112337
465,0.3160673416116086
466,0.3153922211185261
467,0.3147007561624782
468,0.31399617027407273
469,0.31328168698391484
470,0.3125605298226139
471,0.3118359223207737
472,0.31111108800899917
473,0.31038925041789117
474,0.3096736330780662
475,0.3089674595201281
476,0.30827395327467616
477,0.30759633787232116
478,0.306937836843671
479,0.3063016737193281
480,0.3056910720299017
481,0.3051092553059955
482,0.3045594470782174
483,0.3045594470782174
484,0.3054028348777576
485,0.3062959386479212
486,0.3072337900636974
487,0.30821142080008096
488,0.3092238625320665
489,0.31026614693464166
490,0.31133330568280265
491,0.31242037045154275
492,0.3135223729158539
493,0.3146343447507292
494,0.3157513176311621
495,0.3168683232321459
496,0.3179803932286696
497,0.31908255929573087
498,0.3201698531083215
499,0.32123730634143627
500,0.32227995067006415
501,0.3232928177691999
502,0.3242709393138354
503,0.32520934697896536
504,0.32610307243958175
505,0.3269471473706777
506,0.3269471473706777
507,0.326933001354124
508,0.3269190487206723
509,0.3269053335551863
510,0.3268918999425367
511,0.32687879196757447
512,0.32686605371516736
513,0.3268537292701807
514,0.3268418627174739
515,0.32683049814190895
516,0.3268196796283483
517,0.32680945126166133
518,0.32679985712669885
519,0.3267909413083359
520,0.3267827478914262
521,0.32677532096083345
522,0.32676870460142277
523,0.3267629428980578
524,0.3267580799355951
525,0.32675415979890826
526,0.3267512265728468
527,0.32674932434228293
528,0.3267484971920746
529,0.3267484971920746
530,0.32725825638569744
531,0.3277978111918212
532,0.328364168353589
533,0.32895433461413087
534,0.32956531671658423
535,0.3301941214040776
536,0.33083775541975563
537,0.3314932255067426
538,0.332157538408173
539,0.33282770086719
540,0.3335007196269249
541,0.3341736014305137
542,0.3348433530210851
543,0.3355069811417793
544,0.3361614925357264
545,0.3368038939460652
546,0.3374311921159315
547,0.33804039378845124
548,0.3386285057067701
549,0.33919253461401416
550,0.33972948725332625
551,0.34023637036782955
552,0.34023637036782955
553,0.3404433921506535
554,0.3406626193744157
555,0.34089283241770446
556,0.3411328116591082
557,0.34138133747721516
558,0.34163719025061384
559,0.3418991503578925
560,0.34216599817763954
561,0.3424365140884433
562,0.34270947846889216
563,0.34298367169757443
564,0.3432578741530787
565,0.3435308662139929
566,0.343801428258906
567,0.34406834066640585
568,0.3443303838150809
569,0.34458633808351974
570,0.3448349838503106
571,0.3450751014940417
572,0.34530547139330164
573,0.3455248739266788
574,0.3457320894727613
575,0.3457320894727612
576,0.34611313295001306
577,0.3465165990953863
578,0.3469402447068188
579,0.3473818265822484
580,0.34783910151961267
581,0.34830982631684965
582,0.3487917577718968
583,0.34928265268269226
584,0.3497802678471736
585,0.35028236006327856
586,0.3507866861289451
587,0.35129100284211084
588,0.3517930670007137
589,0.3522906354026913
590,0.35278146484598155
591,0.3532633121285222
592,0.353733934048251
593,0.35419108740310573
594,0.3546325289910243
595,0.3550560156099443
596,0.3554593040578036
597,0.35584015113254014
598,0.3558401511325396
599,0.3592513518371861
600,0.3628629716040885
601,0.36665494071926336
602,0.3706071894687272
603,0.3746996481384884
604,0.3789122470145733
605,0.3832249163829958
606,0.3876175865297697
607,0.392070187740913
608,0.3965626503024395
609,0.4010749045003715
610,0.40558688062071707
611,0.4100785089495
612,0.4145297197727284
613,0.4189204433764275
614,0.4232306100466094
615,0.42744015006928676
616,0.43152899373048165
617,0.4354770713162081
618,0.439264313112484
619,0.44287064940532034
620,0.4462760104807351
621,0.4462760104807351
622,0.44730928308527523
623,0.44840346602605213
624,0.44955247234295853
625,0.45075021507588703
626,0.4519906072647301
627,0.4532675619493805
628,0.45457499216973046
629,0.4559068109656729
630,0.4572569313771003
631,0.4586192664439052
632,0.45998772920598
633,0.46135623270321763
634,0.4627186899755104
635,0.46406901406275086
636,0.4654011180048317
637,0.4667089148416455
638,0.4679863176130849
639,0.46922723935904226
640,0.4704255931194103
641,0.4715752919340816
642,0.47267024884294867
643,0.4737043768859041
644,0.4737043768859041
645,0.47575076893170215
646,0.4779176335844599
647,0.480192921760545
648,0.48256458437632493
649,0.48502057234816726
650,0.48754883659243936
651,0.49013732802550886
652,0.49277399756374335
653,0.4954467961235099
654,0.49814367462117654
655,0.5008525839731104
656,0.5035614750956792
657,0.5062582989052504
658,0.5089310063181913
659,0.5115675482508699
660,0.5141558756196531
661,0.5166839393409088
662,0.5191396903310044
663,0.5215110795063074
664,0.5237860577831852
665,0.5259525760780053
666,0.5279985853071354
667,0.5279985853071354
668,0.5280949821398826
669,0.5281970110473109
670,0.5283041060865097
671,0.5284157013145687
672,0.5285312307885768
673,0.5286501285656233
674,0.5287718287027983
675,0.5288957652571902
676,0.5290213722858887
677,0.5291480838459837
678,0.5292753339945635
679,0.5294025567887182
680,0.5295291862855369
681,0.529654656542109
682,0.5297784016155238
683,0.5298998555628707
684,0.5300184524412388
685,0.5301336263077179
686,0.5302448112193969
687,0.5303514412333654
688,0.5304529504067128
689,0.5305487727965281
690,0.5305487727965275
691,0.5303283081955739
692,0.5300944454975709
693,0.5298484988058054
694,0.5295917822235672
695,0.5293256098541426
696,0.5290512958008242
697,0.5287701541668945
698,0.5284834990556473
699,0.528192644570368
700,0.5278989048143419
701,0.5276035938908612
702,0.5273080259032144
703,0.5270135149546908
704,0.5267213751485744
705,0.5264329205881606
706,0.5261494653767276
707,0.5258723236175689
708,0.5256028094139757
709,0.5253422368692322
710,0.5250919200866289
711,0.5248531731694543
712,0.5246273102209935
713,0.5246273102209935
714,0.5258690529794163
715,0.5271843559773606
716,0.5285658903817219
717,0.5300063273594007
718,0.5314983380772937
719,0.5330345937022991
720,0.5346077654013104
721,0.5362105243412312
722,0.5378355416889538
723,0.5394754886113735
724,0.541123036275394
725,0.5427708558479103
726,0.5444116184958132
727,0.5460379953860139
728,0.5476426576853985
729,0.549218276560864
730,0.550757523179318
731,0.5522530687076446
732,0.5536975843127501
733,0.5550837411615281
734,0.5564042104208753
735,0.5576516632576942
736,0.5576516632576942
737,0.5582564270558039
738,0.5588981382382832
739,0.5595731846089238
740,0.5602779539715079
741,0.5610088341298312
742,0.5617622128876789
743,0.562534478048841
744,0.5633220174171025
745,0.5641212187962552
746,0.5649284699900867
747,0.5657401588023832
748,0.5665526730369337
749,0.5673624004975271
750,0.5681657289879509
751,0.5689590463120018
752,0.5697387402734553
753,0.5705011986761064
754,0.571242809323744
755,0.5719599600201519
756,0.5726490385691212
757,0.5733064327744444
758,0.5739285304399044
759,0.5739285304399044
760,0.5739347610032883
761,0.5739413610239805
762,0.5739482937150362
763,0.5739555222895116
764,0.5739630099604625
765,0.5739707199409445
766,0.5739786154440134
767,0.5739866596827254
768,0.5739948158701362
769,0.5740030472193012
770,0.5740113169432766
771,0.5740195882551178
772,0.5740278243678809
773,0.574035988494622
774,0.5740440438483962
775,0.5740519536422599
776,0.5740596810892689
777,0.5740671894024785
778,0.5740744417949448
779,0.5740814014797235
780,0.5740880316698709
781,0.574094295578442
782,0.5740942955784414
783,0.5728510221256005
784,0.5715329297105758
785,0.5701474008276652
786,0.5687018179711603
787,0.5672035636353632
788,0.5656600203145725
789,0.5640785705030786
790,0.5624665966951807
791,0.5608314813851776
792,0.5591806070673682
793,0.5575213562360415
794,0.5558611113855008
795,0.5542072550100434
796,0.5525671696039598
797,0.550948237661556
798,0.5493578416771199
799,0.5478033641449542
800,0.5462921875593552
801,0.5448316944146177
802,0.543429267205036
803,0.5420922884249166
804,0.5408281405685482
805,0.5408281405685482
806,0.5411413566868011
807,0.5414730903680962
808,0.5418214944155106
809,0.5421847216321205
810,0.5425609248210022
811,0.5429482567852317
812,0.5433448703278863
813,0.5437489182520419
814,0.5441585533607751
815,0.5445719284571622
816,0.5449871963442796
817,0.5454025098252038
818,0.5458160217030112
819,0.5462258847807784
820,0.5466302518615815
821,0.5470272757484973
822,0.5474151092446018
823,0.5477919051529718
824,0.5481558162766835
825,0.5485049954188137
826,0.5488375953824383
827,0.549151768970634
828,0.549151768970634
829,0.5531567797440535
830,0.5573976854535152
831,0.5618509002676906
832,0.566492838355251
833,0.5712999138848676
834,0.5762485410252116
835,0.5813151339449547
836,0.5864761068127682
837,0.5917078737973231
838,0.5969868490672909
839,0.6022894467913431
840,0.607592081138151
841,0.6128711662763857
842,0.618103116374719
843,0.6232643456018214
844,0.6283312681263653
845,0.6332802981170214
846,0.6380878497424609
847,0.6427303371713557
848,0.6471841745723768
849,0.6514257761141955
850,0.6554315559654833
851,0.6554315559654833
852,0.6580138675868603
853,0.6607481372558499
854,0.6636191628792363
855,0.6666117423638029
856,0.6697106736163343
857,0.6729007545436143
858,0.6761667830524265
859,0.6794935570495555
860,0.6828658744417841
861,0.6862685331358973
862,0.6896863310386787
863,0.6931040660569119
864,0.696506536097381
865,0.6998785390668703
866,0.7032048728721629
867,0.7064703354200437
868,0.7096597246172962
869,0.712757838370704
870,0.7157494745870516
871,0.7186194311731224
872,0.7213525060357004
873,0.7239334970815698
874,0.7239334970815696
875,0.7242664057804231
876,0.7246186943376345
877,0.7249884109552174
878,0.7253736038351923
879,0.725772321179583
880,0.7261826111904024
881,0.7266025220696715
882,0.7270301020194134
883,0.7274633992416462
884,0.727900461938386
885,0.7283393383116563
886,0.7287780765634748
887,0.7292147248958623
888,0.7296473315108392
889,0.730073944610419
890,0.7304926123966293
891,0.7309013830714837
892,0.7312983048370028
893,0.7316814258952085
894,0.7320487944481187
895,0.732398458697751
896,0.7327284668461276
897,0.7327284668461276
898,0.732598830032591
899,0.7324613213649991
900,0.732316713311383
901,0.7321657783397568
902,0.732009288918152
903,0.7318480175145894
904,0.7316827365970877
905,0.7315142186336752
906,0.7313432360923742
907,0.731170561441205
908,0.7309969671481913
909,0.7308232256813587
910,0.7306501095087286
911,0.7304783910983248
912,0.7303088429181688
913,0.7301422374362871
914,0.7299793471207014
915,0.7298209444394326
916,0.729667801860505
917,0.7295206918519426
918,0.7293803868817694
919,0.7292476594180051
920,0.7292476594180051
921,0.7296379495601937
922,0.7300514249234378
923,0.7304857795251634
924,0.7309387073828038
925,0.7314079025137803
926,0.7318910589355234
927,0.7323858706654633
928,0.7328900317210303
929,0.7334012361196485
930,0.7339171778787426
931,0.7344355510157488
932,0.7349540495480968
933,0.7354703674932044
934,0.7359821988685087
935,0.7364872376914386
936,0.7369831779794145
937,0.737467713749872
938,0.7379385390202371
939,0.7383933478079374
940,0.7388298341304027
941,0.7392456920050607
942,0.7396386154493386
943,0.7396386154493386
944,0.7398213900487167
945,0.7400149531494815
946,0.7402182274952247
947,0.7404301358295391
948,0.7406496008960166
949,0.7408755454382496
950,0.7411068921998303
951,0.7413425639243507
952,0.7415814833554033
953,0.74182257323658
954,0.7420647563114737
955,0.7423069553236756
956,0.7425480930167789
957,0.7427870921343753
958,0.7430228754200572
959,0.7432543656174166
960,0.7434804854700456
961,0.7437001577215372
962,0.743912305115483
963,0.744115850395475
964,0.7443097163051062
965,0.7444928255879681
966,0.7444928255879681
967,0.7451483305908981
968,0.7458424380518907
969,0.7465712879071873
970,0.7473310200930312
971,0.7481177745456644
972,0.7489276912013298
973,0.7497569099962691
974,0.7506015708667249
975,0.7514578137489398
976,0.752321778579156
977,0.7531896052936156
978,0.7540574338285615
979,0.7549214041202357
980,0.7557776561048808
981,0.7566223297187391
982,0.7574515648980531
983,0.7582615015790646
984,0.7590482796980165
985,0.759808039191151
986,0.7605369199947112
987,0.7612310620449383
988,0.7618866052780751
989,0.7618866052780751
990,0.7626741557283747
991,0.7635080823775022
992,0.7643837476779087
993,0.7652965140820436
994,0.766241744042357
995,0.7672148000112997
996,0.7682110444413208
997,0.7692258397848708
998,0.7702545484944001
999,0.7712925330223583
1000,0.7723351558211953
1001,0.7733777793433625
1002,0.7744157660413085
1003,0.7754444783674839
1004,0.776459278774339
1005,0.7774555297143235
1006,0.7784285936398883
1007,0.7793738330034825
1008,0.7802866102575567
1009,0.7811622878545608
1010,0.781996228246945
1011,0.7827837938871594
1012,0.7827837938871594
1013,0.7832283639226427
1014,0.7836990961142045
1015,0.7841933732316997
1016,0.7847085780449823
1017,0.7852420933239068
1018,0.7857913018383282
1019,0.7863535863581006
1020,0.7869263296530782
1021,0.7875069144931168
1022,0.7880927236480697
1023,0.7886811398877922
1024,0.7892695459821379
1025,0.7898553247009625
1026,0.7904358588141198
1027,0.7910085310914643
1028,0.7915707243028507
1029,0.792119821218134
1030,0.7926532046071679
1031,0.7931682572398071
1032,0.7936623618859069
1033,0.7941329013153207
1034,0.7945772582979036
1035,0.7945772582979036
1036,0.79465090006376
1037,0.7947288804291517
1038,0.7948107656696339
1039,0.7948961220607615
1040,0.7949845158780902
1041,0.7950755133971747
1042,0.7951686808935712
1043,0.7952635846428338
1044,0.795359790920519
1045,0.7954568660021808
1046,0.7955543761633757
1047,0.7956518876796581
1048,0.7957489668265834
1049,0.7958451798797075
1050,0.795940093114585
1051,0.7960332728067714
1052,0.796124285231822
1053,0.7962126966652925
1054,0.7962980733827374
1055,0.7963799816597121
1056,0.7964579877717723
1057,0.7965316579944732
1058,0.7965316579944732
1059,0.7968822404010487
1060,0.7972534699601574
1061,0.7976432821452701
1062,0.7980496124298566
1063,0.7984703962873874
1064,0.7989035691913322
1065,0.7993470666151623
1066,0.799798824032347
1067,0.8002567769163569
1068,0.8007188607406626
1069,0.8011830109787343
1070,0.8016471631040418
1071,0.8021092525900555
1072,0.8025672149102461
1073,0.8030189855380832
1074,0.8034624999470381
1075,0.8038956936105797
1076,0.8043165020021794
1077,0.8047228605953067
1078,0.8051127048634323
1079,0.8054839702800267
1080,0.8058345923185595
1081,0.8058345923185593
1082,0.8057416005746951
1083,0.8056427518859228
1084,0.8055386083965128
1085,0.805429732250726
1086,0.8053166855928318
1087,0.8052000305670981
1088,0.8050803293177842
1089,0.8049581439891653
1090,0.804834036725502
1091,0.8047085696710581
1092,0.8045823049701042
1093,0.8044558047669041
1094,0.8043296312057302
1095,0.8042043464308373
1096,0.8040805125864989
1097,0.803958691816979
1098,0.8038394462665468
1099,0.8037233380794644
1100,0.8036109294
1101,0.8035027823724197
1102,0.803399459140989
1103,0.8033015218499726
1104,0.8033015218499726
1105,0.8037532527341005
1106,0.8042317621126183
1107,0.8047343831509244
1108,0.805258449014417
1109,0.8058012928684859
1110,0.8063602478785303
1111,0.8069326472099463
1112,0.8075158240281255
1113,0.8081071114984668
1114,0.8087038427863624
1115,0.8093033510572094
1116,0.8099029694764055
1117,0.8105000312093393
1118,0.8110918694214131
1119,0.8116758172780165
1120,0.8122492079445465
1121,0.8128093745864013
1122,0.8133536503689733
1123,0.8138793684576577
1124,0.8143838620178516
1125,0.8148644642149501
1126,0.8153185082143459
1127,0.8153185082143459
1128,0.8154875981434431
1129,0.8156666721322174
1130,0.8158547334538417
1131,0.8160507853814902
1132,0.8162538311883349
1133,0.8164628741475497
1134,0.8166769175323081
1135,0.8168949646157826
1136,0.817116018671147
1137,0.8173390829715741
1138,0.8175631607902374
1139,0.81778725540031
1140,0.8180103700749657
1141,0.8182315080873768
1142,0.8184496727107173
1143,0.8186638672181599
1144,0.8188730948828782
1145,0.8190763589780452
1146,0.8192726627768339
1147,0.8194610095524184
1148,0.8196404025779711
1149,0.8198098451266653
1150,0.8198098451266653
1151,0.8199650369544786
1152,0.8201293466987958
1153,0.8203018612963853
1154,0.8204816676840154
1155,0.8206678527984543
1156,0.8208595035764705
1157,0.8210557069548332
1158,0.8212555498703096
1159,0.8214581192596684
1160,0.8216625020596782
1161,0.8218677852071077
1162,0.8220730556387246
1163,0.8222774002912976
1164,0.8224799061015953
1165,0.8226796600063857
1166,0.8228757489424376
1167,0.823067259846519
1168,0.8232532796553984
1169,0.8234328953058443
1170,0.8236051937346252
1171,0.8237692618785089
1172,0.8239241866742644
1173,0.8239241866742646
1174,0.8240120334010459
1175,0.8241049127164766
1176,0.8242023126933504
1177,0.8243037214044651
1178,0.8244086269226043
1179,0.8245165173205731
1180,0.824626880671165
1181,0.8247392050471647
1182,0.8248529785213718
1183,0.8249676891665843
1184,0.8250828250555897
1185,0.8251978742611887
1186,0.8253123248561667
1187,0.8254256649133311
1188,0.8255373825054628
1189,0.8256469657053611
1190,0.8257539025858196
1191,0.8258576812196345
1192,0.8259577896795982
1193,0.8260537160385013
1194,0.8261449483691472
1195,0.8262309747443226
1196,0.8262309747443226
1197,0.8263541518695128
1198,0.8264847684460863
1199,0.8266220920316041
1200,0.826765390183636
1201,0.8269139304597506
1202,0.8270669804175068
1203,0.8272238076144778
1204,0.8273836796082317
1205,0.8275458639563278
1206,0.8277096282163334
1207,0.8278742399458192
1208,0.8280389667023496
1209,0.8282030760434911
1210,0.8283658355268093
1211,0.8285265127098709
1212,0.8286843751502397
1213,0.8288386904054899
1214,0.8289887260331812
1215,0.8291337495908773
1216,0.8292730286361538
1217,0.829405830726569
1218,0.8295314234196924
1219,0.8295314234196924
1220,0.8296108048828423
1221,0.8296948738404555
1222,0.829783162352884
1223,0.829875202480479
1224,0.8299705262835919
1225,0.8300686658225747
1226,0.830169153157778
1227,0.8302715203495541
1228,0.8303752994582538
1229,0.830480022544229
1230,0.8305852216678311
1231,0.8306904288894115
1232,0.8307951762693213
1233,0.8308989958679123
1234,0.831001419745536
1235,0.8311019799625436
1236,0.8312002085792871
1237,0.8312956376561174
1238,0.8313877992533862
1239,0.8314762254314447
1240,0.8315604482506449
1241,0.831639999771338
1242,0.831639999771338
1243,0.8323076254948802
1244,0.8330145806066327
1245,0.8337569331654764
1246,0.8345307512302917
1247,0.8353321028599594
1248,0.8361570561133611
1249,0.8370016790493764
1250,0.837862039726887
1251,0.8387342062047731
1252,0.8396142465419161
1253,0.8404982287971965
1254,0.8413822210294952
1255,0.8422622912976927
1256,0.8431345076606698
1257,0.843994938177308
1258,0.8448396509064873
1259,0.8456647139070892
1260,0.8464661952379937
1261,0.8472401629580824
1262,0.8479826851262353
1263,0.8486898298013341
1264,0.849357665042259
1265,0.849357665042259
1266,0.8501555797352356
1267,0.8510004659707027
1268,0.8518876257425392
1269,0.8528123610446257
1270,0.8537699738708404
1271,0.8547557662150633
1272,0.8557650400711734
1273,0.8567930974330507
1274,0.8578352402945739
1275,0.8588867706496233
1276,0.8599429904920768
1277,0.8609992018158155
1278,0.8620507066147174
1279,0.8630928068826629
1280,0.8641208046135305
1281,0.8651300018012005
1282,0.8661157004395514
1283,0.8670732025224632
1284,0.8679978100438153
1285,0.8688848249974868
1286,0.8697295493773569
1287,0.8705272851773056
1288,0.8705272851773056
1289,0.8706846304542175
1290,0.8708512321692352
1291,0.8710261641309032
1292,0.8712085001477663
1293,0.8713973140283691
1294,0.871591679581257
1295,0.8717906706149743
1296,0.8719933609380652
1297,0.8721988243590757
1298,0.872406134686549
1299,0.8726143657290311
1300,0.8728225912950662
1301,0.873029885193199
1302,0.8732353212319746
1303,0.8734379732199373
1304,0.873636914965632
1305,0.8738312202776037
1306,0.8740199629643965
1307,0.8742022168345558
1308,0.8743770556966259
1309,0.8745435533591519
1310,0.8747007836306786
1311,0.8747007836306786
1312,0.8748425957986845
1313,0.8749927601412084
1314,0.8751504415361717
1315,0.8753148048614934
1316,0.8754850149950939
1317,0.8756602368148931
1318,0.8758396351988109
1319,0.8760223750247671
1320,0.8762076211706824
1321,0.876394538514476
1322,0.8765822919340684
1323,0.8767700463073798
1324,0.8769569665123296
1325,0.877142217426838
1326,0.877324963928825
1327,0.8775043708962107
1328,0.8776796032069152
1329,0.8778498257388585
1330,0.8780142033699598
1331,0.8781719009781401
1332,0.8783220834413192
1333,0.8784639156374168
1334,0.8784639156374168
1335,0.8785633272673805
1336,0.8786685932353848
1337,0.8787791281366115
1338,0.8788943465662411
1339,0.8790136631194543
1340,0.8791364923914324
1341,0.8792622489773558
1342,0.8793903474724054
1343,0.8795202024717628
1344,0.8796512285706077
1345,0.8797828403641221
1346,0.879914452447486
1347,0.880045479415881
1348,0.8801753358644875
1349,0.8803034363884865
1350,0.880429195583059
1351,0.8805520280433856
1352,0.8806713483646476
1353,0.8807865711420253
1354,0.8808971109707
1355,0.8810023824458526
1356,0.8811018001626638
1357,0.8811018001626638
1358,0.881465448431688
1359,0.8818505189000418
1360,0.882254869886359
1361,0.882676359709273
1362,0.8831128466874192
1363,0.8835621891394303
1364,0.8840222453839413
1365,0.8844908737395856
1366,0.8849659325249974
1367,0.8854452800588106
1368,0.8859267746596593
1369,0.8864082746461777
1370,0.8868876383369988
1371,0.8873627240507582
1372,0.8878313901060888
1373,0.8882914948216252
1374,0.8887408965160009
1375,0.8891774535078498
1376,0.8895990241158065
1377,0.8900034666585048
1378,0.8903886394545784
1379,0.8907524008226615
1380,0.8907524008226615
1381,0.8910508898226204
1382,0.8913669431342153
1383,0.8916988035687803
1384,0.8920447139376504
1385,0.8924029170521599
1386,0.8927716557236429
1387,0.8931491727634344
1388,0.8935337109828689
1389,0.8939235131932803
1390,0.8943168222060036
1391,0.8947118808323737
1392,0.8951069318837246
1393,0.8955002181713902
1394,0.8958899825067062
1395,0.8962744677010064
1396,0.8966519165656253
1397,0.8970205719118975
1398,0.897378676551158
1399,0.8977244732947405
1400,0.89805620495398
1401,0.8983721143402108
1402,0.8986704442647673
1403,0.8986704442647666
1404,0.8987503667157724
1405,0.8988349621100165
1406,0.8989237610953085
1407,0.899016294319442
1408,0.8991120924302212
1409,0.8992106860754452
1410,0.8993116059029178
1411,0.8994143825604399
1412,0.8995185466958129
1413,0.8996236289568269
1414,0.8997291599912991
1415,0.8998346704470175
1416,0.8999396909717883
1417,0.900043752213413
1418,0.9001463848196907
1419,0.9002471194384238
1420,0.9003454867174077
1421,0.9004410173044501
1422,0.9005332418473466
1423,0.9006216909939035
1424,0.9007058953919176
1425,0.9007853856891868
1426,0.9007853856891868
1427,0.9007701954823011
1428,0.9007541462282191
1429,0.9007373260210378
1430,0.9007198229548419
1431,0.9007017251237261
1432,0.9006831206217727
1433,0.9006640975430777
1434,0.9006447439817278
1435,0.9006251480318122
1436,0.9006053977874253
1437,0.900585581342654
1438,0.9005657867915917
1439,0.900546102228323
1440,0.9005266157469387
1441,0.9005074154415325
1442,0.9004885894061905
1443,0.9004702257350032
1444,0.9004524125220599
1445,0.9004352378614571
1446,0.900418789847274
1447,0.9004031565736108
1448,0.9003884261345472
1449,0.9003884261345472
1450,0.9004565093698791
1451,0.900528604482064
1452,0.9006043104555217
1453,0.9006832262746727
1454,0.9007649509239355
1455,0.9008490833877312
1456,0.900935222650479
1457,0.9010229676965977
1458,0.9011119175105085
1459,0.9012016710766309
1460,0.9012918273793837
1461,0.9013819854031879
1462,0.9014717441324622
1463,0.9015607025516272
1464,0.9016484596451024
1465,0.9017346143973073
1466,0.9018187657926617
1467,0.9019005128155859
1468,0.9019794544504989
1469,0.9020551896818207
1470,0.9021273174939717
1471,0.9021954368713709
1472,0.9021954368713709
1473,0.9023469166879017
1474,0.902507316130075
1475,0.9026757432176276
1476,0.9028513059702954
1477,0.9030331124078141
1478,0.9032202705499199
1479,0.9034118884163485
1480,0.9036070740268354
1481,0.9038049354011168
1482,0.9040045805589287
1483,0.904205117520007
1484,0.904405654304087
1485,0.9046052989309057
1486,0.9048031594201977
1487,0.9049983437916997
1488,0.9051899600651474
1489,0.9053771162602764
1490,0.9055589203968231
1491,0.9057344804945227
1492,0.9059029045731117
1493,0.906063300652326
1494,0.9062147767519007
1495,0.9062147767519002
1496,0.9062044590362441
1497,0.9061934510391629
1498,0.9061818166771676
1499,0.9061696198667759
1500,0.9061569245245034
1501,0.906143794566868
1502,0.9061302939103764
1503,0.9061164864715523
1504,0.9061024361669054
1505,0.9060882069129537
1506,0.9060738626262108
1507,0.9060594672231908
1508,0.9060450846204113
1509,0.9060307787343882
1510,0.9060166134816319
1511,0.9060026527786607
1512,0.9059889605419895
1513,0.9059756006881341
1514,0.9059626371336078
1515,0.9059501337949276
1516,0.9059381545886056
1517,0.9059267634311643
1518,0.9059267634311643
1519,0.9060292468960238
1520,0.9061378083151628
1521,0.9062518425626245
1522,0.9063707445124438
1523,0.9064939090386583
1524,0.906620731015314
1525,0.9067506053164476
1526,0.906882926816095
1527,0.9070170903882939
1528,0.9071524909070878
1529,0.9072885232465155
1530,0.9074245822806148
1531,0.907560062883422
1532,0.9076943599289833
1533,0.9078268682913291
1534,0.9079569828445073
1535,0.908084098462548
1536,0.9082076100194949
1537,0.9083269123893885
1538,0.9084414004462675
1539,0.9085504690641673
1540,0.9086535131171278
1541,0.9086535131171278
1542,0.9088837201110196
1543,0.909127493403165
1544,0.9093834770140745
1545,0.9096503149642583
1546,0.9099266512742266
1547,0.910211129964489
1548,0.9105023950555562
1549,0.9107990905679377
1550,0.9110998605221445
1551,0.9114033489386857
1552,0.9117081998380723
1553,0.912013057240814
1554,0.912316565167421
1555,0.9126173676384031
1556,0.9129141086742709
1557,0.9132054322955345
1558,0.9134899825227039
1559,0.9137664033762891
1560,0.9140333388768003
1561,0.914289433044748
1562,0.9145333299006413
1563,0.9147636734649918
1564,0.9147636734649918
1565,0.9149455684274634
1566,0.9151381643091594
1567,0.9153403904006325
1568,0.915551175992436
1569,0.9157694503751237
1570,0.9159941428392486
1571,0.9162241826753645
1572,0.9164584991740246
1573,0.9166960216257829
1574,0.916935679321192
1575,0.9171764015508057
1576,0.9174171176051773
1577,0.9176567567748601
1578,0.9178942483504078
1579,0.9181285216223742
1580,0.9183585058813117
1581,0.9185831304177745
1582,0.9188013245223161
1583,0.919012017485489
1584,0.9192141385978478
1585,0.9194066171499453
1586,0.919588382432335
1587,0.919588382432335
1588,0.9196347678316772
1589,0.9196838900787985
1590,0.9197354758248595
1591,0.9197892517210202
1592,0.9198449444184413
1593,0.9199022805682835
1594,0.9199609868217069
1595,0.9200207898298722
1596,0.9200814162439397
1597,0.9201425927150699
1598,0.920204045894423
1599,0.9202655024331594
1600,0.92032668898244
1601,0.9203873321934248
1602,0.9204471587172744
1603,0.9205058952051492
1604,0.9205632683082097
1605,0.9206190046776166
1606,0.9206728309645296
1607,0.9207244738201099
1608,0.9207736598955172
1609,0.9208201158419125
1610,0.9208201158419125
1611,0.9210407481600498
1612,0.921274370869035
1613,0.9215196848323453
1614,0.921775390913459
1615,0.9220401899758537
1616,0.9223127828830071
1617,0.9225918704983973
1618,0.9228761536855021
1619,0.9231643333077986
1620,0.9234551102287658
1621,0.9237471853118804
1622,0.9240392594206206
1623,0.9243300334184643
1624,0.924618208168889
1625,0.9249024845353728
1626,0.9251815633813936
1627,0.9254541455704288
1628,0.9257189319659562
1629,0.9259746234314543
1630,0.9262199208304001
1631,0.9264535250262718
1632,0.9266741368825471
1633,0.9266741368825464
1634,0.9267276873726256
1635,0.9267843490884795
1636,0.9268438083058403
1637,0.9269057513004364
1638,0.9269698643480031
1639,0.9270358337242759
1640,0.9271033457049811
1641,0.9271720865658513
1642,0.9272417425826265
1643,0.9273120000310313
1644,0.9273825451868019
1645,0.9274530643256729
1646,0.9275232437233698
1647,0.9275927696556325
1648,0.9276613283981916
1649,0.9277286062267756
1650,0.9277942894171196
1651,0.9278580642449576
1652,0.9279196169860222
1653,0.927978633916043
1654,0.9280348013107562
1655,0.9280878054458905
1656,0.9280878054458905
1657,0.9281719353202103
1658,0.9282610254757242
1659,0.9283545802724225
1660,0.9284521040702929
1661,0.9285531012293238
1662,0.9286570761095032
1663,0.9287635330708197
1664,0.9288719764732618
1665,0.9289819106768173
1666,0.9290928400414751
1667,0.9292042689272233
1668,0.9293157016940501
1669,0.9294266427019444
1670,0.9295365963108939
1671,0.9296450668808869
1672,0.9297515587719116
1673,0.9298555763439575
1674,0.9299566239570116
1675,0.9300542059710635
1676,0.9301478267461001
1677,0.9302369906421104
1678,0.9303212020190832
1679,0.9303212020190832
1680,0.9304503199226941
1681,0.9305870355953612
1682,0.9307305889290671
1683,0.930880219815793
1684,0.931035168147522
1685,0.9311946738162351
1686,0.9313579767139146
1687,0.9315243167325429
1688,0.9316929337641013
1689,0.9318630677005726
1690,0.9320339584339379
1691,0.93220484585618
1692,0.9323749698592805
1693,0.9325435703352214
1694,0.9327098871759845
1695,0.9328731602735527
1696,0.933032629519907
1697,0.9331875348070293
1698,0.9333371160269026
1699,0.9334806130715081
1700,0.9336172658328283
1701,0.9337463142028444
1702,0.9337463142028439
1703,0.9338223997523354
1704,0.9339029534707857
1705,0.9339875277911158
1706,0.9340756751462391
1707,0.9341669479690784
1708,0.9342608986925476
1709,0.9343570797495699
1710,0.9344550435730539
1711,0.9345543425959237
1712,0.9346545292510979
1713,0.9347551559714882
1714,0.9348557751900186
1715,0.934955939339605
1716,0.935055200853163
1717,0.9351531121636099
1718,0.935249225703864
1719,0.9353430939068459
1720,0.935434269205472
1721,0.9355223040326559
1722,0.9356067508213199
1723,0.9356871620043827
1724,0.935763090014756
1725,0.935763090014756
1726,0.936017327943899
1727,0.9362865515210697
1728,0.9365692630965547
1729,0.9368639650206396
1730,0.9371691596436116
1731,0.9374833493157562
1732,0.9378050363873589
1733,0.9381327232087073
1734,0.9384649121300868
1735,0.9388001055017838
1736,0.9391368056740845
1737,0.9394735149972746
1738,0.9398087358216416
1739,0.9401409704974704
1740,0.9404687213750478
1741,0.9407904908046594
1742,0.9411047811365922
1743,0.9414100947211317
1744,0.9417049339085646
1745,0.9419878010491767
1746,0.9422571984932546
1747,0.9425116285910844
1748,0.9425116285910844
1749,0.9421474267546905
1750,0.9417612883338307
1751,0.9413553766770357
1752,0.9409318551328103
1753,0.9404928870496794
1754,0.9400406357761504
1755,0.9395772646607465
1756,0.9391049370519846
1757,0.938625816298376
1758,0.9381420657484416
1759,0.9376558487506945
1760,0.9371693286536527
1761,0.9366846688058321
1762,0.9362040325557506
1763,0.9357295832519228
1764,0.935263484242862
1765,0.9348078988770863
1766,0.9343649905031188
1767,0.9339369224694642
1768,0.9335258581246517
1769,0.9331339608171876
1770,0.9327633938955895
1771,0.9327633938955895
1772,0.9330883796392819
1773,0.9334321574187949
1774,0.933792826724215
1775,0.934168487045608
1776,0.9345572378730647
1777,0.9349571786966504
1778,0.9353664090064506
1779,0.9357830282925392
1780,0.9362051360449959
1781,0.9366308317538918
1782,0.9370582149093096
1783,0.9374853850013243
1784,0.9379104415200172
1785,0.9383314839554624
1786,0.9387466117977306
1787,0.9391539245369103
1788,0.9395515216630739
1789,0.9399375026662999
1790,0.9403099670366619
1791,0.9406670142642397
1792,0.9410067438391101
1793,0.9413272552513543
1794,0.9413272552513543
1795,0.9420384398229944
1796,0.9427925731255502
1797,0.9435854264370223
1798,0.9444127710353876
1799,0.9452703781986389
1800,0.9461540192047639
1801,0.9470594653317512
1802,0.9479824878575931
1803,0.9489188580602679
1804,0.9498643472177706
1805,0.9508147266080911
1806,0.9517657675092104
1807,0.9527132411991224
1808,0.9536529189558167
1809,0.9545805720572729
1810,0.9554919717814847
1811,0.9563828894064437
1812,0.9572490962101317
1813,0.9580863634705417
1814,0.9588904624656587
1815,0.9596571644734695
1816,0.960382240771968
1817,0.960382240771968
1818,0.9605359286753319
1819,0.9606986780264517
1820,0.9608695833919283
1821,0.961047739338361
1822,0.9612322404323503
1823,0.9614221812404962
1824,0.9616166563293984
1825,0.961814760265657
1826,0.9620155876158725
1827,0.9622182329466438
1828,0.962421790824572
1829,0.9626253558162565
1830,0.9628280224882975
1831,0.9630288854072953
1832,0.963227039139849
1833,0.9634215782525593
1834,0.9636115973120261
1835,0.9637961908848496
1836,0.9639744535376296
1837,0.9641454798369657
1838,0.9643083643494585
1839,0.9644622016417077
1840,0.9644622016417077
1841,0.9646305972207316
1842,0.964808905418012
1843,0.9649961347627953
1844,0.9651912937843277
1845,0.9653933910118551
1846,0.9656014349746234
1847,0.9658144342018791
1848,0.9660313972228676
1849,0.9662513325668356
1850,0.9664732487630292
1851,0.966696154340694
1852,0.9669190578290765
1853,0.9671409677574223
1854,0.9673608926549779
1855,0.9675778410509897
1856,0.9677908214747031
1857,0.9679988424553645
1858,0.9682009125222197
1859,0.9683960402045153
1860,0.968583234031497
1861,0.968761502532411
1862,0.9689298542365032
1863,0.9689298542365032
1864,0.9689643164946193
1865,0.9690008057702322
1866,0.9690391192196013
1867,0.9690790539989866
1868,0.9691204072646484
1869,0.9691629761728457
1870,0.9692065578798394
1871,0.9692509495418884
1872,0.9692959483152528
1873,0.9693413513561926
1874,0.9693869558209671
1875,0.969432558865837
1876,0.9694779576470616
1877,0.9695229493209008
1878,0.9695673310436144
1879,0.9696108999714625
1880,0.9696534532607046
1881,0.9696947880676006
1882,0.9697347015484103
1883,0.9697729908593937
1884,0.9698094531568107
1885,0.9698438855969209
1886,0.9698438855969209
1887,0.969891036537825
1888,0.9699409650080482
1889,0.9699933933188603
1890,0.9700480437815318
1891,0.9701046387073329
1892,0.9701629004075341
1893,0.9702225511934051
1894,0.9702833133762163
1895,0.9703449092672383
1896,0.9704070611777409
1897,0.9704694914189944
1898,0.9705319223022697
1899,0.9705940761388361
1900,0.9706556752399647
1901,0.970716441916925
1902,0.9707760984809874
1903,0.9708343672434225
1904,0.9708909705155004
1905,0.9709456306084912
1906,0.9709980698336651
1907,0.9710480105022925
1908,0.9710951749256436
1909,0.9710951749256429
1910,0.9710995028447593
1911,0.9711040053654296
1912,0.9711086600686647
1913,0.9711134445354654
1914,0.9711183363468339
1915,0.9711233130837782
1916,0.9711283523272976
1917,0.9711334316584013
1918,0.9711385286580887
1919,0.9711436209073667
1920,0.9711486859872371
1921,0.9711537014787051
1922,0.9711586449627758
1923,0.9711634940204501
1924,0.9711682262327341
1925,0.9711728191806319
1926,0.971177250445147
1927,0.9711814976072846
1928,0.9711855382480481
1929,0.9711893499484383
1930,0.9711929102894632
1931,0.9711961968521252
1932,0.9711961968521252
1933,0.9712309562197914
1934,0.971267782036106
1935,0.9713064688697042
1936,0.9713468112892194
1937,0.9713886038632877
1938,0.9714316411605413
1939,0.9714757177496165
1940,0.971520628199144
1941,0.9715661670777627
1942,0.9716121289541035
1943,0.9716583083968027
1944,0.9717044999744908
1945,0.9717504982558072
1946,0.9717960978093838
1947,0.971841093203851
1948,0.9718852790078498
1949,0.9719284497900134
1950,0.9719704001189695
1951,0.972010924563359
1952,0.9720498176918166
1953,0.9720868740729673
1954,0.9721218882754561
1955,0.9721218882754561
1956,0.972107300034954
1957,0.9720918696347118
1958,0.9720756823332324
1959,0.9720588233889986
1960,0.9720413780605108
1961,0.9720234316062566
1962,0.9720050692847315
1963,0.9719863763544301
1964,0.9719674380738428
1965,0.971948339701461
1966,0.9719291664957834
1967,0.9719100037153019
1968,0.9718909366185051
1969,0.9718720504638902
1970,0.9718534305099435
1971,0.9718351620151651
1972,0.9718173302380477
1973,0.9718000204370802
1974,0.9717833178707618
1975,0.9717673077975777
1976,0.9717520754760258
1977,0.9717377061645962
1978,0.9717377061645962
1979,0.9717399997873382
1980,0.9717424381982191
1981,0.9717450075195386
1982,0.9717476938735987
1983,0.9717504833826984
1984,0.9717533621691419
1985,0.9717563163552292
1986,0.9717593320632598
1987,0.9717623954155419
1988,0.9717654925343715
1989,0.9717686095420508
1990,0.9717717325608821
1991,0.9717748477131702
1992,0.9717779411212089
1993,0.9717809989073072
1994,0.9717840071937616
1995,0.9717869521028757
1996,0.9717898197569546
1997,0.9717925962782932
1998,0.9717952677891948
1999,0.9717978204119619
2000,0.9718002402688994
2001,0.9718002402688994
2002,0.9718124952608262
2003,0.9718255025167315
2004,0.9718391887027624
2005,0.9718534804850576
2006,0.9718683045297727
2007,0.9718835875030452
2008,0.9718992560710207
2009,0.9719152368998452
2010,0.9719314566556656
2011,0.9719478420046237
2012,0.971964319612864
2013,0.9719808161465375
2014,0.9719972582717846
2015,0.9720135726547512
2016,0.9720296859615829
2017,0.9720455248584225
2018,0.9720610160114191
2019,0.9720760860867139
2020,0.9720906617504554
2021,0.9721046696687854
2022,0.9721180365078512
2023,0.9721306889337968
2024,0.9721306889337968
2025,0.9721906445704629
2026,0.9722541312424262
2027,0.9723207958794327
2028,0.9723902854112281
2029,0.9724622467675585
2030,0.9725363268781695
2031,0.972612172672807
2032,0.9726894310812166
2033,0.9727677490331446
2034,0.9728467734583368
2035,0.9729261512865388
2036,0.9730055294474966
2037,0.9730845548709557
2038,0.9731628744866623
2039,0.9732401352243625
2040,0.9733159840138013
2041,0.9733900677847251
2042,0.97346203346688
2043,0.973531527990011
2044,0.9735981982838648
2045,0.973661691278187
2046,0.9737216539027227
2047,0.9737216539027227
2048,0.9737449393444149
2049,0.973769594995568
2050,0.9737954837760794
2051,0.973822468605847
2052,0.9738504124047687
2053,0.9738791780927414
2054,0.9739086285896639
2055,0.9739386268154331
2056,0.9739690356899466
2057,0.973999718133103
2058,0.9740305370647993
2059,0.9740613554049333
2060,0.9740920360734029
2061,0.9741224419901058
2062,0.9741524360749396
2063,0.9741818812478018
2064,0.9742106404285908
2065,0.9742385765372037
2066,0.9742655524935384
2067,0.9742914312174922
2068,0.9743160756289637
2069,0.9743393486478495
2070,0.9743393486478495
2071,0.9744245497737614
2072,0.9745147713139064
2073,0.9746095114328168
2074,0.9747082682950237
2075,0.974810540065058
2076,0.9749158249074512
2077,0.9750236209867347
2078,0.9751334264674398
2079,0.9752447395140977
2080,0.9753570582912394
2081,0.9754698809633964
2082,0.9755827056950999
2083,0.9756950306508811
2084,0.9758063539952713
2085,0.9759161738928022
2086,0.9760239885080044
2087,0.9761292960054098
2088,0.976231594549549
2089,0.9763303823049538
2090,0.9764251574361551
2091,0.9765154181076845
2092,0.9766006624840728
2093,0.9766006624840728
2094,0.9767112200138379
2095,0.9768282845237208
2096,0.9769512051169289
2097,0.9770793308966685
2098,0.9772120109661464
2099,0.9773485944285696
2100,0.9774884303871447
2101,0.9776308679450785
2102,0.9777752562055773
2103,0.9779209442718488
2104,0.9780672812470992
2105,0.9782136162345352
2106,0.9783592983373635
2107,0.9785036766587911
2108,0.9786461003020248
2109,0.9787859183702714
2110,0.9789224799667371
2111,0.9790551341946294
2112,0.9791832301571546
2113,0.9793061169575195
2114,0.9794231436989311
2115,0.979533659484596
2116,0.9795336594845965
2117,0.9795827856005741
2118,0.9796347473950138
2119,0.9796892577704048
2120,0.9797460296292371
2121,0.9798047758739941
2122,0.9798652094071671
2123,0.9799270431312457
2124,0.9799899899487179
2125,0.9800537627620705
2126,0.9801180744737903
2127,0.9801826379863694
2128,0.9802471662022978
2129,0.9803113720240619
2130,0.980374968354143
2131,0.9804376680950417
2132,0.9804991841492392
2133,0.9805592294192209
2134,0.9806175168074849
2135,0.9806737592165107
2136,0.9807276695487923
2137,0.9807789607068162
2138,0.9808273455930694
2139,0.9808273455930694
2140,0.9808636845799228
2141,0.980902240873861
2142,0.9809427975319511
2143,0.9809851376112582
2144,0.9810290441688523
2145,0.9810743002618016
2146,0.981120688947176
2147,0.9811679932820379
2148,0.9812159963234628
2149,0.9812644811285176
2150,0.9813132307542622
2151,0.9813620282577706
2152,0.9814106566961138
2153,0.9814588991263562
2154,0.9815065386055657
2155,0.9815533581908109
2156,0.9815991409391613
2157,0.9816436699076825
2158,0.9816867281534416
2159,0.9817280987335124
2160,0.981767564704956
2161,0.9818049091248453
2162,0.9818049091248453
2163,0.9819412215950838
2164,0.9820855624131801
2165,0.9822371288411966
2166,0.9823951181411945
2167,0.9825587275752354
2168,0.982727154405381
2169,0.9828995958936935
2170,0.9830752493022343
2171,0.9832533118930646
2172,0.9834329809282474
2173,0.9836134536698433
2174,0.9837939273799143
2175,0.9839735993205221
2176,0.9841516667537284
2177,0.9843273269415955
2178,0.9844997771461843
2179,0.9846682146295569
2180,0.9848318366537752
2181,0.9849898404809001
2182,0.9851414233729947
2183,0.9852857825921193
2184,0.9854221154003366
2185,0.9854221154003366
2186,0.9854361085884391
2187,0.9854508064659633
2188,0.9854661311919113
2189,0.985482004925279
2190,0.9854983498250649
2191,0.9855150880502694
2192,0.9855321417598917
2193,0.9855494331129284
2194,0.9855668842683813
2195,0.9855844173852446
2196,0.9856019546225254
2197,0.9856194181392148
2198,0.985636730094315
2199,0.9856538126468251
2200,0.9856705879557457
2201,0.9856869781800732
2202,0.9857029054788073
2203,0.9857182920109469
2204,0.9857330599354943
2205,0.985747131411443
2206,0.9857604285977921
2207,0.9857728736535454
2208,0.9857728736535454
2209,0.9858692729011997
2210,0.9859714455393043
2211,0.9860788202169823
2212,0.9861908255833496
2213,0.9863068902875181
2214,0.9864264429786023
2215,0.9865489123057254
2216,0.986673726917995
2217,0.9868003154645326
2218,0.9869281065944486
2219,0.9870565289568647
2220,0.9871850112008929
2221,0.9873129819756488
2222,0.9874398699302529
2223,0.9875651037138158
2224,0.9876881119754559
2225,0.9878083233642867
2226,0.9879251665294269
2227,0.9880380701199885
2228,0.9881464627850913
2229,0.9882497731738475
2230,0.9883474299353789
2231,0.9883474299353789
2232,0.9885177046618672
2233,0.9886980082568899
2234,0.9888873379704859
2235,0.9890846910526943
2236,0.9892890647535539
2237,0.989499456323103
2238,0.9897148630113817
2239,0.9899342820684272
2240,0.9901567107442792
2241,0.9903811462889769
2242,0.9906065859525588
2243,0.9908320269850637
2244,0.9910564666365302
2245,0.9912789021569979
2246,0.9914983307965051
2247,0.9917137498050905
2248,0.9919241564327934
2249,0.9921285479296522
2250,0.9923259215457065
2251,0.9925152745309942
2252,0.9926956041355548
2253,0.9928659076094268
2254,0.9928659076094268
2255,0.9928760207616982
2256,0.992886722608274
2257,0.9928979538582798
2258,0.9929096552208407
2259,0.9929217674050819
2260,0.9929342311201288
2261,0.9929469870751062
2262,0.9929599759791401
2263,0.9929731385413549
2264,0.9929864154708767
2265,0.9929997474768302
2266,0.9930130752683408
2267,0.9930263395545338
2268,0.9930394810445344
2269,0.9930524404474677
2270,0.9930651584724595
2271,0.9930775758286341
2272,0.9930896332251178
2273,0.9931012713710354
2274,0.9931124309755119
2275,0.9931230527476729
2276,0.9931330773966434
2277,0.9931330773966436
2278,0.9931868458918756
2279,0.9932438370356083
2280,0.9933037320532434
2281,0.9933662121701803
2282,0.9934309586118122
2283,0.9934976526035331
2284,0.9935659753707486
2285,0.9936356081388431
2286,0.9937062321332233
2287,0.9937775285792854
2288,0.9938491787024202
2289,0.993920863728029
2290,0.9939922648815109
2291,0.9940630633882552
2292,0.9941329404736652
2293,0.9942015773631374
2294,0.9942686552820634
2295,0.9943338554558434
2296,0.9943968591098755
2297,0.9944573474695582
2298,0.9945150017602815
2299,0.9945695032074471
2300,0.9945695032074471
2301,0.9946776597272009
2302,0.9947921875849797
2303,0.9949124498030022
2304,0.9950378094034869
2305,0.9951676294086524
2306,0.9953012728407171
2307,0.9954381027218999
2308,0.9955774820744188
2309,0.9957187739204922
2310,0.9958613412823394
2311,0.9960045471821786
2312,0.9961477546422282
2313,0.9962903266847063
2314,0.9964316263318322
2315,0.9965710166058239
2316,0.9967078605289001
2317,0.9968415211232797
2318,0.9969713614111808
2319,0.9970967444148218
2320,0.9972170331564214
2321,0.9973315906581979
2322,0.9974397799423704
2323,0.9974397799423704
2324,0.9974994572468439
2325,0.9975626445592316
2326,0.9976289906254359
2327,0.9976981441913577
2328,0.9977697540028989
2329,0.9978434688059608
2330,0.9979189373464448
2331,0.9979958083702525
2332,0.9980737306232859
2333,0.9981523528514455
2334,0.9982313238006342
2335,0.9983102922167524
2336,0.9983889068457017
2337,0.9984668164333841
2338,0.9985436697257009
2339,0.9986191154685531
2340,0.998692802407843
2341,0.998764379289472
2342,0.9988334948593411
2343,0.9988997978633527
2344,0.9989629370474071
2345,0.9990225611574068
2346,0.9990225611574062
2347,0.9990595113348681
2348,0.9990986198865321
2349,0.9991396698971309
2350,0.9991824444514066
2351,0.999226726634098
2352,0.9992722995299499
2353,0.9993189462236927
2354,0.9993664498000707
2355,0.9994145933438219
2356,0.999463159939689
2357,0.9995119326724029
2358,0.999560694626715
2359,0.9996092288873533
2360,0.9996573185390647
2361,0.999704746666584
2362,0.9997512963546533
2363,0.9997967506880114
2364,0.9998408927513942
2365,0.9998835056295465
2366,0.9999243724072073
2367,0.99996327616911
2368,1.0
