,mean_x,mean_y,rms_x,rms_y,var_x,var_y,std_x,std_y,min_abs_x,min_abs_y,max_abs_x,max_abs_y,p2p_x,p2p_y,impulse_factor_x,impulse_factor_y
0,0.001863618601016025,0.005174677608440797,0.41289190981549917,0.3597756171900783,0.17047625611680023,0.12941171743615046,0.4128877040029168,0.35973840139210944,0.0,0.0,1.374,1.563,2.728,2.879,4.159749851820567,5.50826573754011
1,-0.006985150449394296,0.00482336850332161,0.4074941364950457,0.3559714353131304,0.16600267895104223,0.12669239787517136,0.4074342633493681,0.35593875579258205,0.0,0.0,1.852,1.244,3.282,2.41,5.80296976724538,4.3918178594931065
2,-0.004273544353262991,0.0015849941383352876,0.4077205835468121,0.37060796981704386,0.16621781106641373,0.13734775508549235,0.4076981862437135,0.37060458049718215,0.0,0.0,1.528,1.426,2.9770000000000003,2.691,4.739991853834517,4.910452460922362
3,-0.013093395857756936,-0.005563501367721767,0.3949402168836127,0.3837832918249793,0.1558063378969871,0.14725866253654854,0.39472311548348304,0.38374296415250214,0.0,0.0,2.283,1.512,3.844,2.8049999999999997,7.3461066444689775,5.002111141994661
4,-0.012144196951934349,-0.0015814771395076196,0.4114850035751641,0.37790223039897985,0.16917242664764545,0.14280759467058088,0.41130575810173803,0.37789892123500546,0.0,0.0,2.13,1.381,3.4459999999999997,2.725,6.543979138678085,4.6418796177716475
5,0.013294255568581475,-0.00043493552168816067,0.3962218364122089,0.37117364475454767,0.15681500641874047,0.13776968539146714,0.3959987454762205,0.37117338992911,0.001,0.0,1.407,1.469,2.73,2.653,4.42440868830058,5.04744571120901
6,-0.0024017194216490786,0.0046869871043376315,0.40402129198435777,0.403327412847042,0.16322743612052934,0.16265103410577197,0.40401415336659846,0.4033001786582446,0.0,0.0,1.666,1.601,3.161,3.112,5.2161232305188845,4.999571670193371
7,0.00014693239546697837,0.023488081281750683,0.3948310831388317,0.38817657016976337,0.1558915626234542,0.15012935966646312,0.3948310557991281,0.387465301241883,0.0,0.0,1.452,1.534,2.675,2.84,4.603601438196455,4.990485610184618
8,0.006474794841735055,0.005822586948026573,0.41312008469294936,0.3934956652986556,0.17062628140846708,0.15480493609006427,0.41306934213091523,0.39345258429709706,0.0,0.0,1.688,1.45,3.17,2.724,5.198459088956201,4.636101254435504
9,-0.008067213755373195,0.014158264947245015,0.42956666278982003,0.39224235725247436,0.18446243784260807,0.15365361035666134,0.4294909054247925,0.39198674767989455,0.0,0.0,1.779,1.408,3.48,2.752,5.305366828033554,4.500222945807307
10,-0.000309495896834701,0.010130128956623682,0.4057715444768783,0.38720780358546936,0.16465045051944108,0.14982726364480559,0.4057714264452847,0.3870752687072704,0.0,0.0,1.987,1.544,3.606,2.923,6.190008545947249,5.034250162134338
11,-0.015042985541227044,0.004189917936694021,0.39508721589954393,0.38672498717985815,0.15586761675325927,0.1495386602969452,0.39480073043658276,0.386702288972984,0.0,0.0,1.412,1.302,2.806,2.466,4.520132452485109,4.220418720834199
12,0.019558030480656508,-0.014252442360296989,0.3879717154296523,0.38455085477243883,0.15013953541714484,0.14767622779297976,0.38747843219609635,0.38428664795043266,0.0,0.0,1.487,1.376,2.8150000000000004,2.713,4.870604724389292,4.522839079603459
13,0.007513872606486908,0.012121141070730755,0.4053829870118574,0.38374464570425254,0.1642789078771092,0.14711303104582574,0.40531334529855934,0.38355316586599275,0.0,0.0,1.563,1.487,2.961,2.781,4.87777504061035,4.812778567561962
14,-0.001744431418522862,-0.010447831184056271,0.37704072108149506,0.36592798198979837,0.14215666231267984,0.13379413082667568,0.3770366856324194,0.3657788004063052,0.0,0.0,1.386,1.348,2.5519999999999996,2.659,4.609983778893844,4.6559300300989355
15,0.03602696365767879,0.006639703008987887,0.38859625177466356,0.39510738594005623,0.14970910478292598,0.15606576076833695,0.38692260826026437,0.3950515925399326,0.0,0.0,1.246,1.492,2.402,2.8609999999999998,4.0375093545458345,4.749860354134451
16,0.004118405627198122,-0.011479874951152795,0.4072333137944505,0.36589870143364067,0.16582201059909926,0.13375007218193044,0.4072124882651553,0.3657185696432852,0.0,0.0,1.542,1.356,2.87,2.575,4.778225410952683,4.6709714936457365
17,0.003702618210238375,0.0043438843298163375,0.3987363701103388,0.3963108422748135,0.15897698346715827,0.15704341437350128,0.39871917870496054,0.39628703533360926,0.0,0.0,1.318,1.477,2.567,2.829,4.133291830014498,4.736406607535358
18,0.012337631887456037,-0.0009824150058616637,0.3695911759746749,0.39142198654570654,0.13644542019775274,0.15321020641214353,0.3693851921744465,0.3914207536809252,0.0,0.0,1.527,1.393,2.877,2.737,5.195617835004667,4.50647776145555
19,-0.006826103946854242,0.015319265338022664,0.37143862351075013,0.37367170090161883,0.1379200553404675,0.13939586016421213,0.3713758949372825,0.3733575500297431,0.0,0.0,1.441,1.408,2.709,2.793,4.845571925656499,4.781083053568822
20,0.005688940992575226,0.0036865963266901123,0.34456820876057626,0.3639128268220233,0.11869488643885505,0.13241895453311997,0.344521242362289,0.3638941529251603,0.0,0.0,1.465,1.345,2.683,2.46,5.391994281424121,4.659164130776145
21,-0.016101992966002343,-0.010683470105509966,0.3513654395889751,0.35380665300973463,0.12319839796007653,0.12506501118045543,0.35099629337085103,0.3536453183352714,0.0,0.0,1.266,1.179,2.458,2.3449999999999998,4.564562965217281,4.17874905990435
22,0.0001238765142633835,0.0061453692848769045,0.36286402374230436,0.36983731095819394,0.13167028438106484,0.1367418710131403,0.3628640025974812,0.36978625043819613,0.0,0.0,1.398,1.35,2.6879999999999997,2.656,4.899888373749341,4.6025670404160985
23,-0.010466979288784683,0.005511918718249312,0.3656533586110491,0.39510751649352793,0.1335928210081086,0.15607956834172687,0.3655035170940337,0.39506906781185347,0.0,0.0,1.226,1.57,2.4139999999999997,3.0,4.202043607131329,4.985264939490086
24,-0.005348573661586555,-0.007559593591246582,0.36763632115804734,0.41654903302355245,0.1351278573944095,0.17345594945759177,0.36759741211603963,0.41648043106200294,0.0,0.001,1.427,1.463,2.6029999999999998,2.9240000000000004,4.841867643607522,4.426911593423162
25,-0.031049237983587344,0.0072583040250097704,0.37523628559529587,0.38781123869499673,0.139838214847993,0.15034487388082823,0.37394948167900033,0.3877433092663602,0.0,0.0,1.968,1.527,3.16,2.969,6.686225698911454,5.000797293042946
26,-0.017273935130910512,0.008309105119187183,0.36775866239041705,0.41058548108790643,0.13494804492828183,0.16851139605230586,0.36735275271635276,0.4105013959200454,0.0,0.0,1.31,1.395,2.565,2.763,4.558991124879983,4.287029286693031
27,0.0067557639703008975,-0.002527549824150058,0.36293044406523195,0.3798704268919098,0.13167286688256408,0.14429515271892826,0.36286756107781815,0.379862017999863,0.0,0.0,1.323,1.465,2.49,2.6950000000000003,4.579879711697672,4.80342023800982
28,0.0010633059788980098,-0.003958577569363032,0.37578273084989144,0.35784574494967153,0.1412115301853972,0.12803790684221272,0.37578122649408285,0.3578238489008422,0.0,0.0,1.772,1.384,3.17,2.658,6.023824041638272,4.847877923450294
29,-0.014937475576397031,-0.015124267291910904,0.3618640901959587,0.3784136511330081,0.1307224915967535,0.14296814790269682,0.36155565490910735,0.378111290366602,0.0,0.0,1.352,1.331,2.606,2.465,4.781954513099427,4.40591080370321
30,0.007583431027745216,-0.006023055881203593,0.33308013674070613,0.3564166122460555,0.11088486906505494,0.12699652428280694,0.3329937973372101,0.3563657170419272,0.0,0.0,1.413,1.218,2.705,2.333,5.380354140316942,4.290863786232009
31,-0.016271981242672918,0.008470887065259867,0.33807972195594876,0.3649428638359585,0.11403312102424974,0.13311153793711855,0.3376879047645174,0.36484453940975814,0.0,0.0,1.28,1.657,2.279,2.899,4.770234964130615,5.710076717663645
32,0.021116060961313014,0.009288393903868698,0.3492591332591149,0.37952634401203333,0.12153605413438627,0.14395397153782685,0.34862021475294036,0.3794126665490055,0.0,0.0,1.168,1.301,2.3099999999999996,2.488,4.195541281467485,4.335734797132308
33,0.015826494724501757,-0.000580304806565065,0.3648750512820322,0.36851671199331865,0.13288332511280096,0.13580423026469804,0.36453165172972424,0.3685162550888333,0.001,0.0,1.709,1.357,2.952,2.572,5.907447981110566,4.642991516415636
34,0.010324736225087925,0.002460336068776864,0.3614588093919766,0.40708715280694024,0.1305458707089476,0.16571389672688977,0.3613113210362327,0.4070797179016535,0.0,0.0,1.298,1.495,2.479,2.918,4.473589436582729,4.665721498609688
35,-0.01916959749902306,0.006348964439234076,0.3571049505144209,0.39378005129807253,0.12715647221363244,0.15502241945086198,0.35659006185483133,0.39372886540214697,0.0,0.0,1.38,1.349,2.752,2.638,4.887568837876852,4.289361495918877
36,0.006037514654161782,-0.003321610003907775,0.3728771430565164,0.36869928844377353,0.13900091223079064,0.13592813220592684,0.37282826104091227,0.3686843259564025,0.0,0.0,1.65,1.315,2.973,2.542,5.578360082228412,4.438067768176495
37,0.014944118796404848,0.007314185228604923,0.3477334931505661,0.3671812728658903,0.12069525557209372,0.13476858983785706,0.3474122271482305,0.3671084170076424,0.0,0.0,1.238,1.221,2.442,2.436,4.464508473716401,4.206620649544204
38,-0.00024814380617428465,-0.006332551778038296,0.3546304468176444,0.3825585249471895,0.12576269223473352,0.14631092379774788,0.35463036000141546,0.3825061094907477,0.0,0.0,1.245,1.451,2.309,2.582,4.391894593040969,4.751216559800488
39,-0.0017694411879640506,0.009745212973817897,0.35682925775107416,0.3739140378460264,0.12732398826506483,0.1397167385224146,0.3568248705808843,0.3737870229454396,0.0,0.001,1.499,1.348,2.615,2.693,5.307145387029116,4.583437858752498
40,0.0063399765533411504,0.008961313012895664,0.3449870989993208,0.3920952006161629,0.11897590317327028,0.1536583412153139,0.3449288378394452,0.39199278209593846,0.0,0.0,1.17,1.716,2.266,3.094,4.243757033878845,5.5797255400254135
41,0.00068581477139508,0.006683860883157482,0.3562507958486411,0.3901436294272271,0.12691415920088947,0.15216737758634405,0.3562501357205208,0.39008637195670404,0.0,0.0,1.282,1.559,2.5220000000000002,3.0389999999999997,4.558803380084405,4.964115600549483
42,0.0029269245799140296,-0.0042610394685424,0.3455377276350967,0.37535490669351584,0.11938775433172977,0.14087314952154553,0.34552533095524235,0.37533072019426483,0.0,0.0,1.802,1.301,3.109,2.5679999999999996,6.600968819694753,4.361436581339901
43,-0.010001953888237592,0.0075736615865572504,0.3534331830057141,0.37568447107299063,0.12481497576796817,0.14108146145556502,0.3532916299149587,0.37560812219062173,0.0,0.0,1.307,1.363,2.466,2.652,4.639296964619359,4.587909623395738
44,0.0185494333724111,0.009217663149667838,0.34012958590670417,0.38514337905595225,0.11534405373062852,0.14825045711669624,0.3396233998572956,0.385033059771101,0.0,0.0,1.286,1.584,2.4459999999999997,2.9850000000000003,4.755474568580586,5.220565658647159
45,-0.010918718249316138,0.005552559593591247,0.331686041210009,0.3664750444256631,0.10989641152535987,0.13427312726875135,0.3315062767510743,0.36643297786737394,0.0,0.0,1.234,1.45,2.314,2.693,4.678834160847398,4.972534504408282
46,0.013890973036342317,-0.0009245799140289181,0.34857639636551024,0.38884333743903954,0.1213125449712689,0.1511982862227133,0.3482995046956985,0.3888422382184236,0.0,0.0,1.405,1.49,2.5469999999999997,2.747,5.107058898729411,4.777795320582221
47,0.008250879249706916,-0.012366549433372412,0.3717022795240308,0.37427698281771965,0.13809450759496744,0.13993032832224758,0.3716106935960905,0.37407262439564803,0.0,0.0,2.707,1.368,4.207,2.5300000000000002,9.503184092979357,4.562626912981031
48,-0.00638022665103556,0.00907112153184838,0.3478462708381256,0.40788799474408427,0.12095632084387203,0.16629033101050458,0.34778775257888545,0.40778711481667074,0.0,0.001,1.592,1.405,2.623,2.654,5.805193417244608,4.323565593730496
49,-0.00831535756154748,-0.003339976553341148,0.3545962434894576,0.37122025421507865,0.1256693507254583,0.13779332169613076,0.35449873162743234,0.371205228540939,0.0,0.0,1.408,1.418,2.666,2.626,5.045195817738067,4.792280394987248
50,0.004188745603751461,-0.0021750683860883155,0.3540090236473631,0.38329169116460965,0.12530484323402633,0.14690778959334233,0.35398424150522056,0.3832855196760534,0.0,0.0,1.591,1.255,3.167,2.45,5.666239869956898,4.059809773746046
51,0.006300117233294258,0.008792106291520121,0.3416031418561409,0.39095756084339567,0.11665301504883348,0.15277051324757604,0.3415450410250945,0.39085868705655763,0.0,0.0,1.396,1.61,2.61,2.939,5.132913393067537,5.200687704256874
52,0.004618210238374366,-0.0038526768268855034,0.3666758036447281,0.39618391734870795,0.1344298171127014,0.15694685324703547,0.36664671976263663,0.39616518429442465,0.0,0.0,1.523,1.404,2.7249999999999996,2.7,5.19218379472969,4.477785158698803
53,0.01413325517780383,-0.0052301680343884325,0.3413723911181766,0.37155871732747686,0.1163353605158204,0.13802852576437194,0.34107969818771156,0.3715219048244288,0.0,0.0,1.242,1.269,2.2960000000000003,2.45,4.568664120436587,4.239122091566063
54,0.0019617037905431825,0.004688159437280188,0.34610872865558107,0.38363756434131907,0.11978740376982083,0.14715580193483038,0.34610316925711737,0.38360891795529256,0.0,0.0,1.914,1.458,3.309,2.753,7.086858006042296,4.808879425567208
55,-0.004465806955842126,0.0052778429073856966,0.3583880120409688,0.3758825259437936,0.12842202374291078,0.14125981768413165,0.3583601871621774,0.37584547048505407,0.0,0.0,1.409,1.434,2.552,2.803,4.9443409887499925,4.79417582274016
56,-0.0023614693239546675,-0.008388432981633451,0.33000543590914055,0.36869123643418555,0.1088980111922139,0.13586286201548115,0.3299969866411115,0.36859579760963246,0.0,0.0,1.31,1.249,2.456,2.458,4.986174676529077,4.258771532426556
57,-0.007995701445877296,-0.004530285267682689,0.3412314360180266,0.3692348916833571,0.11637496168531297,0.13631388175181391,0.3411377459111099,0.369207098728903,0.0,0.0,1.177,1.27,2.206,2.512,4.333001494712401,4.352827724761426
58,-0.016618210238374363,0.0015130910511918718,0.3366527090378749,0.37566249412989955,0.11305888159101324,0.14112002005136762,0.3362422959578602,0.37565944690819053,0.0,0.0,1.224,1.458,2.322,2.6639999999999997,4.563371417082615,4.898218482099487
59,-0.00714458772958187,-0.004569753810082065,0.34919944004159215,0.3850723738453159,0.12188920379153577,0.14825985044898196,0.3491263435943151,0.38504525766328035,0.0,0.0,1.371,1.563,2.557,2.825,4.919449441715615,5.1407469005529265
60,-0.007007424775302855,-0.010532239155920282,0.340068102275454,0.38674104134393206,0.11559721018324709,0.14945770499815147,0.33999589730355145,0.3865976008696271,0.0,0.0,1.177,1.326,2.351,2.652,4.324186615441601,4.343684234780872
61,0.02055685814771395,-0.011604533020711216,0.3468151422131218,0.37323196022219385,0.11985815845140269,0.13916743094467252,0.3462053703387668,0.37305151245461066,0.0,0.0,1.194,1.237,2.248,2.3550000000000004,4.27668267447508,4.150854302985799
62,-0.0016217272372020307,-0.005891754591637358,0.3430990831405635,0.3738023820006647,0.1177143508526634,0.13969350801720276,0.343095250408197,0.3737559471328888,0.0,0.0,1.61,1.367,2.983,2.643,5.958013258057799,4.578632412629562
63,-0.007419695193434936,-0.002841344275107465,0.3515099751110616,0.38560297782362607,0.12350421072581563,0.14868158326915812,0.3514316586846092,0.3855925093530191,0.0,0.0,1.226,1.674,2.3579999999999997,2.873,4.39589069310926,5.443096584664216
64,-0.0036959749902305615,0.006810472840953499,0.3455894059641501,0.4186226657781963,0.11941837728352578,0.1751985537629261,0.34556964172728744,0.4185672631285515,0.0,0.0,1.291,1.558,2.343,2.9000000000000004,4.742058696032864,4.679969292602991
65,-0.01520672137553732,0.011765533411488864,0.3613295549551619,0.39360513356958765,0.13032780290910212,0.1547865733958761,0.36100942218881504,0.3934292482720064,0.001,0.0,1.532,1.48,3.034,2.686,5.358063634375683,4.7528644035891325
66,-0.0060117233294255555,-0.007773739742086754,0.3271504428705823,0.3693234591883362,0.10699127145302856,0.13633938647726093,0.3270952024304676,0.3692416369767377,0.0,0.0,1.272,1.428,2.38,2.599,4.934238410395249,4.835911911482711
67,-0.007769831965611568,-0.00777764751856194,0.34370880249772434,0.38668422077494535,0.11807537062564588,0.14946419479540368,0.3436209694207353,0.38660599425694847,0.0,0.0,1.176,1.49,2.349,2.903,4.277567172262045,4.8329959578316535
68,0.013291910902696361,0.011596326690113325,0.3252375594938413,0.3500718080750144,0.10560279521006474,0.12241579601620588,0.32496583698915915,0.34987968791601187,0.0,0.0,1.106,1.305,2.194,2.4939999999999998,4.26933624567448,4.7258453679004315
69,0.002357170769831967,-0.013862055490425948,0.32823675202070296,0.37357264579752014,0.10773380912306228,0.1393643651057398,0.32822828812133525,0.37331536950109595,0.0,0.0,1.605,1.53,2.589,2.7590000000000003,6.186764537528546,5.170564021430939
70,-0.006462680734661979,-0.00997850722938648,0.3473774689019748,0.39008646399778424,0.12062933965846431,0.1520678787877677,0.3473173471890863,0.38995881678424416,0.0,0.0,1.294,1.365,2.527,2.6319999999999997,4.707749132050578,4.402842849201938
71,-0.027025400547088706,-0.006754982415005862,0.35043334307768403,0.3846830203974467,0.12207315566587121,0.14793539639467534,0.34938969026843253,0.38462370753071806,0.0,0.0,1.255,1.359,2.4459999999999997,2.559,4.493292684633056,4.445707031969075
72,-0.0021563110590074263,-0.0031137162954279016,0.33639284846070383,0.36528946590870737,0.11315549881812285,0.13342669867470028,0.336385937307318,0.3652761950561524,0.0,0.0,1.333,1.282,2.435,2.557,4.980620075808458,4.42826791209978
73,-0.0014677608440797191,-0.011854630715123094,0.3411533640746647,0.37365487709205353,0.11638346349756531,0.13947743490528566,0.3411502066503336,0.37346677885092494,0.0,0.0,1.415,1.465,2.732,2.6950000000000003,5.2460404617577865,4.900824879732274
74,0.017207893708479877,-0.00491090269636577,0.3300768327433366,0.37745609746030706,0.10865460390799025,0.14244898854467164,0.3296279780418984,0.37742414939252583,0.0,0.0,1.511,1.406,2.683,2.653,5.745059350201102,4.64026402640264
75,-0.0070523642047674905,-0.007484564282923017,0.35185603727266185,0.3769232422121701,0.12375293512434411,0.14201511181722906,0.35178535376610565,0.37684892439441703,0.0,0.0,1.342,1.466,2.6020000000000003,2.909,4.7535757245228325,4.892000266018832
76,0.009624071903087143,0.000857756936303243,0.3443169246315516,0.36007299149313265,0.1184615218277338,0.12965182345585183,0.34418239616188073,0.36007196982804957,0.0,0.0,1.425,1.405,2.6740000000000004,2.7670000000000003,5.198846625417011,4.884855080438407
77,0.0015420085971082481,-0.011376318874560375,0.34316345934271303,0.3785612228595413,0.11775878203754427,0.14317917882177564,0.3431599948093371,0.3783902467318306,0.0,0.0,1.424,1.576,2.439,2.787,5.228623575191983,5.270221107103654
78,-0.025664712778429074,0.001479874951152794,0.3418425557805167,0.3787444411471709,0.11619765546055641,0.14344516167001173,0.3408777720247485,0.3787415499651599,0.0,0.0,1.322,1.613,2.3520000000000003,3.133,4.904985602561092,5.322018404219793
79,0.004081672528331378,0.0024025009769441216,0.3578033941356922,0.377197117558358,0.12800660880439296,0.1422718934833895,0.3577801123656721,0.3771894662943141,0.0,0.0,1.299,1.313,2.508,2.57,4.5480168942630925,4.367450475744814
80,0.02415084017194217,-0.003153575615474796,0.33999132807367155,0.37871445617012206,0.11501084008428825,0.14341469427306883,0.33913248161196274,0.3787013259457495,0.0,0.0,1.143,1.417,2.183,2.566,4.178636635075017,4.708075171256889
81,-0.016185228604923798,0.0011645173896053175,0.3441346363116325,0.3899268465775433,0.11816668628434593,0.15204158958115632,0.3437538163924088,0.38992510765678623,0.0,0.0,1.583,1.205,2.806,2.3689999999999998,5.837919048154328,3.887204576511343
82,-0.004547088706525987,-0.004173505275498242,0.3336626435065016,0.3902028890799583,0.11131008365604177,0.15224087650006163,0.3336316586537341,0.3901805690959785,0.0,0.0,1.399,1.48,2.56,2.952,5.24700352629774,4.766610618310695
83,-0.012649863227823369,5.119187182493136e-05,0.3350514107285389,0.3795955865134736,0.11209942879150143,0.14409280667990024,0.3348125278293831,0.3795955830616318,0.0,0.0,1.297,1.287,2.367,2.4669999999999996,4.901958554441786,4.261407438173723
84,-0.009445486518171158,-0.0071516217272372,0.32643629239018296,0.3745230448679533,0.10647143577388406,0.14021636544383345,0.3262996104409015,0.3744547575393234,0.0,0.0,1.368,1.637,2.503,2.8360000000000003,5.274197995308426,5.499108004331989
85,-0.023409144196951937,-0.006725283313794452,0.3290067648972934,0.3819209166270537,0.10769746331614918,0.14581835712159813,0.3281729167925793,0.3818616989455713,0.0,0.0,1.398,1.539,2.445,2.778,5.3907455012853465,5.031557900654129
86,0.027638921453692848,-0.006456819069949197,0.3335526472737424,0.36785694173396805,0.11049345852419822,0.13527703906936586,0.33240556331715965,0.3678002706216594,0.0,0.0,1.259,1.368,2.46,2.592,4.803896161989682,4.6448808565010475
87,-0.012747557639703007,0.0076299335677999245,0.33806184877779705,0.3870594138369214,0.11412331337328459,0.1497567739535321,0.3378214223125653,0.38698420375195175,0.0,0.0,1.208,1.506,2.3419999999999996,2.865,4.494637007483617,4.890001256171417
88,-0.0031481047284095337,0.00802227432590856,0.3453565600587536,0.38107852590691293,0.11926124301223442,0.14515648602202555,0.3453422114544274,0.3809940760983372,0.0,0.0,1.376,1.329,2.562,2.3819999999999997,5.074805146889267,4.341911844499058
89,-0.00867096522078937,0.0026275889019148103,0.34504347325647156,0.36852016413166533,0.11897981279902928,0.13580020714819208,0.344934505086153,0.36851079651509816,0.0,0.0,1.219,1.435,2.411,2.7430000000000003,4.4450443518221645,4.878955004557207
90,0.005611176240719029,0.0006619773348964428,0.3593645856672709,0.38809731862273555,0.12911142013300492,0.15061909050816516,0.3593207760942928,0.3880967540551778,0.0,0.0,1.331,1.518,2.589,2.992,4.675188357974176,4.912466045151727
91,-0.0030031262211801493,0.0004513481828839378,0.329835956361092,0.40475544988137624,0.10878273934153584,0.16382677049349306,0.3298222844829255,0.40475519822911854,0.0,0.0,1.534,1.353,2.665,2.661,5.827054532715621,4.213722146969802
92,0.008511918718249316,0.007237983587338806,0.32302312340934924,0.36454607253351284,0.10427148549686562,0.13284145059319866,0.32291095598766173,0.3644742111497035,0.0,0.0,1.147,1.202,2.104,2.3819999999999997,4.44855290358955,4.151742401541962
93,0.00539116842516608,-0.005908558030480657,0.3477127957881707,0.3738187888656064,0.1208751236578376,0.13970557585094925,0.3476709991613301,0.3737720907865504,0.0,0.0,1.307,1.301,2.525,2.517,4.751221681146902,4.3537140346334615
94,-0.00877999218444705,-0.005386869871043376,0.34466521239629916,0.3944110210637346,0.11871702037342706,0.15553103516953015,0.3445533636077684,0.3943742323853451,0.0,0.0,2.037,1.553,3.375,2.848,7.5019903862759785,4.988166348901922
95,-0.016920672137553733,0.003572489253614693,0.3367625548759087,0.3663238508967636,0.11312270922096285,0.1341804010563671,0.3363371957143052,0.36630643054192635,0.0,0.0,1.137,1.192,2.1550000000000002,2.383,4.199102042701319,4.051503012400251
96,0.008639312231340367,3.634232121922694e-05,0.34960911126005473,0.39101662218845257,0.12215189296021475,0.15289399750690275,0.34950235043589445,0.3910166204995674,0.001,0.0,1.93,1.297,3.274,2.5709999999999997,7.019448605595809,4.134993714703607
97,-0.010279796795623294,-0.002975381008206331,0.3484994787291399,0.39675986636655025,0.12134621245232292,0.1574095386670588,0.348347832564411,0.39674870972324383,0.0,0.0,2.025,1.39,3.187,2.74,7.34130132348066,4.396439845451422
98,-0.0024716686205549046,0.001813599062133646,0.3310991045561818,0.3742456917952113,0.1096205078921356,0.1400565486857181,0.3310898788729966,0.3742412974081269,0.0,0.0,1.176,1.364,2.248,2.6580000000000004,4.446745601475262,4.5828723732496535
99,0.01742985541227042,-0.0005298944900351675,0.32394991568182546,0.3699033174274668,0.10463974801056916,0.13682818345567468,0.3234806764098424,0.3699029378846222,0.0,0.0,1.172,1.295,2.3099999999999996,2.5220000000000002,4.503908250350277,4.362146174259177
100,-0.0012696365767878072,0.0014325908558030461,0.35572890071105295,0.39401242931024066,0.12654143882405705,0.1552437421343973,0.3557266349657515,0.39400982492115255,0.001,0.0,1.49,1.365,2.884,2.706,5.28193861281077,4.34300438896418
101,0.019915982805783508,0.0010746385306760443,0.3283010697803369,0.3916362335502994,0.10738494604779338,0.15337778458149304,0.3276964236115392,0.39163475915895546,0.0,0.0,1.556,1.512,2.701,2.896,5.930784251518144,4.8667079226601055
102,0.002623290347792106,0.016091832747166863,0.3433990150659449,0.3941517239301885,0.11791600189601222,0.1550966343959767,0.3433889950129623,0.39382310038388646,0.0,0.0,1.474,1.596,2.833,2.854,5.421851754427574,5.090195286648496
103,-0.010764751856193827,0.001413442751074639,0.3536370094143298,0.41319281085820014,0.12494325454498532,0.17072630112448978,0.3534731312914538,0.413190393310989,0.0,0.0,3.215,1.606,5.343,2.975,11.884341536768115,4.916226552322668
104,0.0015291129347401312,-0.0027030089878858905,0.3215693863877919,0.37516590624661994,0.10340453207545382,0.140742150952259,0.32156575078116423,0.3751561687514401,0.0,0.0,1.121,1.247,2.127,2.492,4.395633846196279,4.126805516938139
105,0.008174677608440794,0.011631496678389999,0.33728432559997196,0.3754637476392691,0.11369389094142597,0.14083773407634534,0.33718524721794396,0.3752835382432133,0.0,0.0,1.528,1.339,2.84,2.5540000000000003,5.761857397362617,4.475184381722081
106,-0.01723446658851114,0.004050801094177413,0.31937342121807705,0.3720831885202111,0.10170235534194878,0.13842949018986236,0.3189080672261973,0.3720611377043595,0.0,0.0,1.154,1.326,2.277,2.621,4.547525882260545,4.464922576502416
107,0.002799531066822978,0.006974208675263775,0.344008374353932,0.37698952970867083,0.11833392425144089,0.1420724659233187,0.34399698291037506,0.3769250136609651,0.0,0.0,2.184,1.397,3.415,2.668,8.11430297082028,4.662101838146595
108,0.003531066822977725,0.0012711996873778831,0.3242140248052543,0.3900219996600647,0.10510226544751369,0.1521155442701903,0.324194795528111,0.390019928042389,0.0,0.0,1.664,1.5,3.109,2.7800000000000002,6.5043289117537455,4.810084071522824
109,-0.004896053145760062,0.004136772176631496,0.32797203497385646,0.371619496811344,0.10754168438848644,0.13808393752627518,0.3279354881504691,0.3715964713587512,0.0,0.0,1.453,1.602,2.6420000000000003,3.108,5.6416353978111555,5.381696405129229
110,0.003036733098866742,-0.0002407190308714354,0.34571439476983695,0.3916083817515523,0.1195092210031609,0.15335706671241772,0.345701057278049,0.39160830776736305,0.0,0.0,1.435,1.268,2.641,2.448,5.219962046099065,4.038065797529979
111,-0.003449394294646346,-0.002066822977725674,0.3441675102438692,0.3733017751343861,0.1184393767864639,0.1393499435612625,0.3441502241557659,0.37329605350346595,0.0,0.0,2.652,1.424,3.959,2.71,9.812352069401772,4.798767391175521
112,-0.011721766314966783,0.003076201641266118,0.33999350383422394,0.3771325389493054,0.11545818284392977,0.1422194889178116,0.33979138135616355,0.37711999273150665,0.0,0.0,1.385,1.66,2.55,2.849,5.131010909975331,5.505094357716961
113,0.016292692457991403,-0.009117233294255568,0.3213097761581291,0.38997621644697084,0.10297452042725631,0.15199832545135275,0.3208964325561385,0.3898696262231167,0.0,0.0,1.235,1.343,2.285,2.6479999999999997,4.825036298097843,4.341380935116842
114,0.004626025791324738,-0.002788589292692457,0.31451595764340573,0.3714010818233076,0.09889888749772657,0.13793098734927992,0.3144819350896432,0.3713906128987106,0.0,0.0,1.35,1.322,2.527,2.491,5.396170595622647,4.479640992910431
115,0.010458382180539273,-0.012914810472840951,0.3231530372782364,0.3735428037859355,0.10431850774431506,0.13936743393070855,0.32298375770975707,0.37331947970968316,0.0,0.0,1.22,1.403,2.2969999999999997,2.773,4.77731480135455,4.721768567020925
116,0.0053798358733880385,-0.0016623681125439637,0.3401642932250632,0.3788467362279972,0.11568280375128218,0.1435220860828641,0.34012174842441667,0.3788430889997389,0.0,0.0,1.506,1.333,2.7720000000000002,2.606,5.609742748470507,4.40483335700727
117,-0.018987495115279408,-0.0009753810082063287,0.3996827967559588,0.8386772107629178,0.15938581305191235,0.7033785124849564,0.39923152812861906,0.8386766435790116,0.001,0.0,5.602,16.209,10.703,31.750999999999998,20.261328478893507,44.46243847116934
118,-0.03268894099257523,0.005120750293083235,0.3323554156522858,0.37703740344315223,0.10939155545018758,0.14213098151159026,0.3307439424240262,0.377002627990297,0.0,0.0,1.395,1.364,2.4930000000000003,2.688,5.264399361158998,4.546287661312592
119,-0.0013528722157092582,-0.0024787026182102392,0.3377005721583958,0.37800395789521446,0.11403984617287581,0.14288084821777752,0.33769786225689347,0.3779958309529055,0.0,0.0,1.498,1.256,2.678,2.474,5.56000963078137,4.137541113392506
120,-0.011254787026182104,0.00023720203204376683,0.3300814191363785,0.3552717429413037,0.10882707302808087,0.12621795506774777,0.32988948608296215,0.3552716637557065,0.0,0.0,1.126,1.306,2.152,2.4939999999999998,4.259684851495248,4.623549284551203
121,-0.041000390777647513,-9.378663540444106e-06,0.3237833583581278,0.37084265018965573,0.10315463110574803,0.13752427111172802,0.32117694672212704,0.3708426500710618,0.0,0.0,1.166,1.351,2.3129999999999997,2.383,4.50951688616311,4.518471419161239
122,-0.006978507229386484,-0.017632278233685038,0.3221836665114852,0.388478853802243,0.10375361540363331,0.15060492261579442,0.3221080803140979,0.38807850058434623,0.001,0.0,1.177,1.588,2.249,2.999,4.638854064310642,5.086055217419057
123,0.01182063305978898,-0.00724658069558421,0.3424885270610173,0.37179282805740066,0.117158663802491,0.13817739406314228,0.3422844778871677,0.37172220012146473,0.0,0.0,1.857,1.313,2.995,2.561,6.915521735144268,4.392182622472509
124,0.02857366158655725,-0.0031645173896053163,0.3595930540449712,0.37814966405533945,0.12849071038092652,0.14298715425485697,0.35845600898984314,0.37813642280909276,0.0,0.001,1.602,1.482,2.7640000000000002,2.8899999999999997,5.637788626830777,4.929969243248724
125,0.012115670183665493,-0.0015939820242282141,0.3385490094643618,0.36349184101404913,0.11446864234530114,0.13212377770508915,0.33833214796306477,0.36348834603751623,0.0,0.0,1.313,1.355,2.591,2.597,4.808030348127711,4.660989153534813
126,0.00748339194998046,0.0026205549042594757,0.32960135548346536,0.37718685372905797,0.10858105238146068,0.14226305531801955,0.32951639167340474,0.37717775029555967,0.0,0.0,1.492,1.307,2.551,2.582,5.712104845828159,4.335129369006913
127,-0.0045638921453692825,-0.004126221180148495,0.33287120740465204,0.3826603564747079,0.11078241160751633,0.14641192271612302,0.3328399188912236,0.3826381093358619,0.0,0.0,1.542,1.414,2.7270000000000003,2.7809999999999997,5.884978307783396,4.614238695617244
128,-0.0007753028526768275,0.0044368894099257525,0.33723461973172886,0.38006497254136984,0.11372658765109038,0.1444296973652363,0.3372337285193911,0.3800390734717107,0.0,0.0,1.337,1.418,2.5789999999999997,2.831,5.043594717864503,4.707937941288661
129,-0.0019566236811254397,-0.004704572098475968,0.30111300310826056,0.3670479102585466,0.09066521226464579,0.13470203542653633,0.30110664599879855,0.3670177590070218,0.0,0.0,1.228,1.343,2.231,2.532,5.132436021186629,4.557444506181597
130,0.0009886674482219636,0.002104337631887457,0.31692890069684854,0.36294989626410457,0.10044295063358968,0.1317281989612553,0.31692735860696797,0.3629437958710071,0.0,0.0,1.168,1.279,2.331,2.45,4.65655457785976,4.409590198278987
131,-0.01301133255177804,-0.0063220007815552965,0.3249525026163419,0.3584678295716748,0.10542483418185074,0.1284592171439453,0.32469190655427604,0.3584120772852741,0.0,0.0,1.536,1.255,2.6100000000000003,2.492,5.974991107341232,4.375330376070146
132,-0.019234857366158653,0.003670965220789369,0.3418768131552543,0.38464354575113197,0.11650977563529619,0.1479371813023509,0.3413352833143626,0.3846260278534864,0.0,0.0,1.625,1.326,2.73,2.468,6.043253761796944,4.3297061413022675
133,-0.011062133645955454,0.0040218835482610385,0.33094503332731434,0.38346108444343113,0.10940224428321621,0.14702622773525648,0.3307601008030083,0.38343999235246246,0.0,0.0,1.406,1.49,2.6639999999999997,2.892,5.3303811908324565,4.925629379301792
134,0.0003618601016021905,-0.004024618991793668,0.3189950576657296,0.3706609840062457,0.10175771587242903,0.13737336750644924,0.3189948524230901,0.3706391338032848,0.0,0.0,1.237,1.326,2.303,2.4530000000000003,4.875524443212273,4.474726068855655
135,0.006146541617819461,0.0017924970691676422,0.3374004853793086,0.36974414704116637,0.11380130756033345,0.1367075212254567,0.33734449389360643,0.36973980205741536,0.0,0.0,1.387,1.38,2.7640000000000002,2.594,5.244077142312586,4.684407196494872
136,-0.009724892536146931,0.0021090269636576753,0.3372407657963204,0.36743794099761157,0.11363676058004901,0.13500619248983087,0.3371005199937387,0.36743188823213324,0.0,0.0,2.353,1.496,3.572,2.908,8.912641320082773,5.0969647990179565
137,-0.0004341539663931215,0.005113716295427898,0.42527590152619,0.6179815408552486,0.18085940392924713,0.38187503474347717,0.42527567991744736,0.6179603828268259,0.0,0.001,5.657,12.328,10.389,19.631999999999998,19.55662415245136,36.16073909355585
138,-0.006243845252051583,-0.00027393513091051073,0.34737894256586566,0.3816500727607637,0.1206331441346474,0.14565670299784025,0.3473228240911435,0.38164997445020254,0.0,0.0,1.371,1.496,2.447,2.871,5.00897889837526,4.904943170388896
139,0.010723329425556859,-0.007943728018757328,0.3377535578005891,0.3813635190287024,0.11396247601298683,0.14537503083111947,0.33758328752026046,0.38128077689692075,0.0,0.0,1.413,1.337,2.504,2.662,5.32176366438099,4.450220600094692
140,0.009066432200078158,0.0014900351699882748,0.3772872044250899,0.7671858113701293,0.14226343443006095,0.5885718489628358,0.3771782528593887,0.767184364388923,0.0,0.0,5.048,15.777,10.036999999999999,30.456,18.94313027640788,45.08061582369434
141,-0.008827667057444312,-0.007289175459163735,0.32386003398073665,0.37251395613931293,0.1048073939043268,0.13871351543968746,0.3237397008467247,0.37244263375678066,0.0,0.0,1.201,1.409,2.362,2.674,4.752857103090775,4.777309037139893
142,-0.004497459945291129,-0.0030140679953106677,0.35385891937082553,0.3914481769835886,0.12519590767232888,0.15322259065789454,0.3538303374109248,0.391436572969229,0.0,0.0,1.622,1.328,3.1950000000000003,2.581,5.872064284754299,4.248646337453602
143,0.0014724501758499417,0.005134818288393903,0.326478919019717,0.36797786730256055,0.10658631645476258,0.13538134446568603,0.3264755985594675,0.367942039546565,0.0,0.0,1.198,1.407,2.378,2.814,4.604688678140029,4.7837940179207274
144,0.003087534193044157,0.011235248143806177,0.30674300895758533,0.347715145192398,0.09408174067696005,0.12077959139531746,0.3067274697136858,0.347533583118693,0.0,0.0,1.199,1.377,2.24,2.484,4.892441707500251,4.9391226951299
145,0.01559867135599844,0.005355216881594373,0.3348034219948253,0.3644722393906565,0.11185001283137264,0.1328113349385911,0.33443984934719223,0.3644328949732599,0.0,0.0,1.66,1.297,2.7800000000000002,2.4130000000000003,6.30801922725673,4.448925509498302
146,0.01328565846033607,-0.003272762797967957,0.32986897703269563,0.3623415129685259,0.10863703328787241,0.13128066104398867,0.3296013247665616,0.36232673244461094,0.0,0.0,1.255,1.584,2.4349999999999996,2.7990000000000004,4.791119657711633,5.498306473381723
147,0.015330597889800703,-0.00461703790543181,0.3122478443407222,0.3615034673918125,0.09726368906376914,0.13066343989728305,0.31187127001980985,0.36147398232415434,0.0,0.0,1.352,1.387,2.4850000000000003,2.641,5.472350911935111,4.850120865861441
148,0.01692379835873388,0.004413442751074642,0.3112846341947135,0.3647527408235024,0.09661170853484953,0.1330250834613401,0.31082424058436875,0.364726038913237,0.0,0.0,1.726,1.265,2.735,2.426,6.932194717710799,4.331530945671459
149,0.020003126221180154,0.01121141070730754,0.3266599835030244,0.3628784375700794,0.10630661976357571,0.13155506472325415,0.3260469594453776,0.3627052036065297,0.0,0.0,1.673,1.249,2.949,2.475,6.562705218332377,4.280421856167136
150,-0.004470887065259864,0.008676826885502153,0.31113434697557446,0.36195177568976045,0.09678459303676686,0.1309338006001697,0.3111022228091064,0.36184775887128234,0.0,0.0,1.035,1.302,1.967,2.5700000000000003,4.1513883337643716,4.5196558796718325
151,-0.023675654552559593,-0.0022102383743649837,0.31688365326554285,0.36363630598777474,0.09985471308842463,0.13222647787876302,0.31599796374094663,0.3636295888383714,0.0,0.0,1.103,1.312,2.137,2.4240000000000004,4.3934441794873385,4.540866893163965
152,-0.013186400937866353,0.0012227432590855756,0.3229686122547491,0.371044234235328,0.10413484333206435,0.13767232865820334,0.32269930792002693,0.37104221950905175,0.0,0.0,1.304,1.454,2.273,2.751,5.06683429904158,4.926868669748399
153,-0.020001172332942553,0.006742868307932787,0.3255055412218948,0.3572141443173152,0.1055538104714666,0.12755647862733357,0.32489045918811865,0.35715049856794767,0.0,0.0,1.178,1.223,2.344,2.393,4.552356214653005,4.30371466407407
154,-0.0051137162954279025,0.0020824540836264166,0.3268242468296199,0.3586380248990309,0.10678793822139822,0.1286168962884675,0.32678423802472206,0.3586319788982398,0.0,0.0,1.261,1.467,2.36,2.702,4.872673818109337,5.12194532939483
155,0.006998436889409928,-0.007497069167643613,0.31307825311769055,0.3665672775525044,0.09796901445632965,0.13431536292615034,0.3130000230931775,0.3664906041444314,0.0,0.0,1.264,1.448,2.268,2.67,5.039936801659112,4.95954792399191
156,-0.01110042985541227,-0.003858929269245797,0.3147384729734763,0.39737871913878897,0.09893708682670073,0.1578949550892795,0.3145426629675229,0.39735998174109016,0.0,0.0,1.453,4.658,2.855,7.4750000000000005,5.873252584989528,15.695272781857469
157,-0.03296561156701836,-0.00853380226651036,0.40853076038474667,0.7708463510407613,0.16581065063455172,0.5941312711317327,0.40719853957811747,0.7707991120465388,0.0,0.0,5.705,18.156,11.222999999999999,29.994,20.69950956135587,51.888073869905696
158,-0.0101410707307542,0.00789644392340758,0.31569303666038906,0.36731227843168335,0.0995592520802916,0.13485595606003897,0.31553011279478793,0.36722739012775035,0.0,0.0,1.297,1.379,2.33,2.702,5.236233093584199,4.711826228374349
159,0.0028413442751074646,0.006071121531848375,0.3373582952627241,0.37060885342264577,0.11380254614528162,0.13731406371859367,0.3373463296751302,0.3705591231080321,0.001,0.0,1.278,1.389,2.455,2.637,4.738607368425628,4.704405221041933
160,-0.009133645955451346,0.0031324736225087904,0.3414765189201417,0.43600411121242694,0.11652278948537835,0.1900897726031426,0.34135434593011754,0.4359928584313539,0.0,0.001,1.637,6.031,3.056,9.459999999999999,6.121946942229198,20.111192337763875
161,0.010161781946072684,0.0014728409534974594,0.31526021432372897,0.38210596737148556,0.099285740923124,0.14600280104042448,0.31509639941313833,0.38210312880219194,0.0,0.0,1.465,1.425,2.8970000000000002,2.776,5.929157282757225,4.718805603183333
162,-0.0005248143806174314,-0.003565846033606886,0.46689795488258923,1.1095449230667693,0.2179934248434103,1.231077221045308,0.4668976599249672,1.109539193109152,0.0,0.0,7.833,20.966,15.46,41.474000000000004,27.63273388981176,52.882396483968805
163,-0.0025502149277061336,0.005216490816725284,0.35821697630095545,0.7012056476505241,0.1283128985140218,0.49166214852055007,0.35820789845287027,0.7011862438186806,0.0,0.0,4.044,13.147,6.520999999999999,22.048000000000002,15.093954014807204,38.56335588763579
164,-0.0005310668229777264,-0.0017291910902696359,0.311047825747594,0.35126837055394233,0.09675046787033512,0.12338647804979506,0.31104737238937596,0.35126411437804894,0.0,0.001,1.15,1.339,2.175,2.5469999999999997,4.596012837632066,4.731435696541972
165,0.005571707698319656,-0.006806565064478311,0.3314672851982558,0.35954253640231554,0.10983951723002633,0.1292245061546334,0.33142045384982854,0.3594781024688895,0.0,0.0,1.244,1.139,2.373,2.218,4.765035011091586,3.97299585075815
166,-0.021312622118014848,0.006067213755373194,0.31881728546049964,0.3599313327329576,0.1011902336468564,0.12951375320016964,0.3181041239073401,0.3598801928422425,0.0,0.0,1.237,1.288,2.313,2.548,4.899316986195786,4.47602415103359
167,0.007349355216881598,-0.004340367330988667,0.3438837938850223,0.35524775903712436,0.11820205067465264,0.12618213151233088,0.34380525108650195,0.3552212430476686,0.0,0.0,1.34,1.196,2.6100000000000003,2.2729999999999997,4.9327991598995915,4.211041627969371
168,-0.013527940601797576,-0.006298163345056663,0.3041501976195263,0.35684010220053963,0.0923243375350711,0.1272951916769706,0.3038492019654998,0.35678451714861537,0.0,0.0,1.197,1.245,2.2190000000000003,2.484,4.890152398042102,4.371214064916053
169,0.010400547088706526,0.0028890191481047273,0.3203414387155416,0.3626481252659252,0.1025104659785987,0.13150531632725207,0.32017255656692173,0.3626366174660966,0.0,0.0,1.257,1.398,2.285,2.684,4.91310364420332,4.854002010808434
170,-0.008305588120359511,-0.010237592809691286,0.3264008125387369,0.3595505704895367,0.10646850763192257,0.12917180443281426,0.32629512351845313,0.35940479188905405,0.0,0.001,1.664,1.401,2.768,2.66,6.482702343906999,4.885184852101967
171,0.0006510355607659222,0.010028917545916376,0.3280839516463164,0.3562091867985324,0.10763865548056106,0.12678440557252896,0.32808330570231864,0.35606797886433,0.0,0.0,1.446,1.234,2.6189999999999998,2.463,5.59661509142883,4.338086563744116
